title,imdb_id,cast
Raw Nerve,tt0102761,Glenn Ford
Raw Nerve,tt0102761,Sandahl Bergman
Raw Nerve,tt0102761,Randall 'Tex' Cobb
Raw Nerve,tt0102761,Ted Prior
Raw Nerve,tt0102761,Traci Lords
Raw Nerve,tt0102761,Jan-Michael Vincent
Raw Nerve,tt0102761,Red West
Raw Nerve,tt0102761,Graham Timbes
Raw Nerve,tt0102761,Jerry Douglas Simms
Raw Nerve,tt0102761,Yvonne Stancil
Raw Nerve,tt0102761,Doris Hearn
Raw Nerve,tt0102761,Donna Willard
Raw Nerve,tt0102761,Tracy Britton
Raw Justice,tt0110948,Robert Hays
Raw Justice,tt0110948,David Keith
Raw Justice,tt0110948,Pamela Anderson
Raw Justice,tt0110948,Leo Rossi
Raw Justice,tt0110948,Stacy Keach
Raw Justice,tt0110948,Ted Prior
Raw Justice,tt0110948,Charles Napier
Raw Justice,tt0110948,Javi Mulero
Raw Justice,tt0110948,April Bogenschutz
Raw Justice,tt0110948,Bernard Hocke
Raw Justice,tt0110948,Marshall Russell
Raw Justice,tt0110948,Jeanette Kontomitras
Raw Justice,tt0110948,Larry McKinley
Raw Justice,tt0110948,Hal Jeansonne
Raw Justice,tt0110948,David Veca
Raw Justice,tt0110948,Butch Robbins
Raw Justice,tt0110948,Terrance Jenkins
Raw Justice,tt0110948,Joe Warfield
Raw Justice,tt0110948,Jerry Douglas Simms
Raw Justice,tt0110948,Graham Timbes
Raw Justice,tt0110948,John Nodar
Raw Justice,tt0110948,Amy Greer
Raw Justice,tt0110948,William Dixon
Raw Justice,tt0110948,Aubrey Williams
Raw Justice,tt0110948,Kathy Times
Raw Justice,tt0110948,Michael Rice
Raw Justice,tt0110948,Cynthia Poe
Raw Justice,tt0110948,Art James
Raw Justice,tt0110948,Bryant Grizzell
Raw Justice,tt0110948,Robert K. Bvecker
Raw Justice,tt0110948,Paul Tate
Raw Justice,tt0110948,Dale Foster
Raw Justice,tt0110948,Anthony Keirnan
Raw Justice,tt0110948,Bruce Sandifer Sr.
Raw Justice,tt0110948,Bruce Sandifer Jr.
Raw Justice,tt0110948,Jim Provensal
Raw Justice,tt0110948,Mark Russell
Raw Justice,tt0110948,Robin Spriggs
Raw Justice,tt0110948,Tony Wright
Raw Justice,tt0110948,Robert Willoughby
Raw Justice,tt0110948,Desirae Bohannon
Raw Justice,tt0110948,Tracy Vickers
Raw Justice,tt0110948,Diana Spain
Raw Justice,tt0110948,Lynnette Perry
Raw Justice,tt0110948,Susan Bernecker
Raw Justice,tt0110948,David Murdock
Raw Justice,tt0110948,Nicholas Kingston
Raw Justice,tt0110948,Tony Arment
Raw Justice,tt0110948,Krystof Kage
The Baby,tt0069754,Anjanette Comer
The Baby,tt0069754,Susanne Zenor
The Baby,tt0069754,Ruth Roman
The Baby,tt0069754,Marianna Hill
The Baby,tt0069754,Tod Andrews
The Baby,tt0069754,Michael Pataki
The Baby,tt0069754,David Mooney
The Baby,tt0069754,Beatrice Manley
Don't Go in the House,tt0080646,Dan Grimaldi
Don't Go in the House,tt0080646,Robert Carnegie
Don't Go in the House,tt0080646,Ruth Dardick
Don't Go in the House,tt0080646,Charles Bonet
Don't Go in the House,tt0080646,Bill Ricci
Don't Go in the House,tt0080646,Johanna Brushay
Don't Go in the House,tt0080646,Ralph D. Bowman
Don't Go in the House,tt0080646,Mary Ann Chinn
Don't Go in the House,tt0080646,Susan Smith
Don't Go in the House,tt0080646,Darcy Shean
Don't Go in the House,tt0080646,Ken Kelsch
Conquest,tt0085356,Jorge Rivero
Conquest,tt0085356,Andrea Occhipinti
Conquest,tt0085356,Sabrina Siani
Conquest,tt0085356,Conrado San Martín
Conquest,tt0085356,Gioia Scola
Conquest,tt0085356,Violeta Cela
Conquest,tt0085356,José Gras
Warlords of the 21st Century,tt0084887,Michael Beck
Warlords of the 21st Century,tt0084887,Annie McEnroe
Warlords of the 21st Century,tt0084887,James Wainwright
Warlords of the 21st Century,tt0084887,Bruno Lawrence
Warlords of the 21st Century,tt0084887,John Bach
Warlords of the 21st Century,tt0084887,Randolph Powell
Warlords of the 21st Century,tt0084887,John Ratzenberger
Warlords of the 21st Century,tt0084887,Mark Hadlow
Warlords of the 21st Century,tt0084887,Marshall Napier
Warlords of the 21st Century,tt0084887,Oona Menges
The Ninja Squad,tt0199845,Richard Harrison
The Ninja Squad,tt0199845,Dave Wheeler
The Ninja Squad,tt0199845,Eduardo Martinez
The Ninja Squad,tt0199845,Timalden Kelvin
Ultimax Force,tt0092127,Brad Cassini
Ultimax Force,tt0092127,Arnold Nicholas
Ultimax Force,tt0092127,Jeremy Ladd
Ultimax Force,tt0092127,Rey Vhen
Punk Vacation,tt0376098,Sandra Bogan
Punk Vacation,tt0376098,Stephen Fiachi
Punk Vacation,tt0376098,Roxanne Rogers
Punk Vacation,tt0376098,Don Martin
Punk Vacation,tt0376098,Louis Waldon
Punk Vacation,tt0376098,Patrick Allen Reynolds
Punk Vacation,tt0376098,Kevin Lewis
Punk Vacation,tt0376098,Billy Palmieri
Punk Vacation,tt0376098,Delta Giordano
Punk Vacation,tt0376098,Jesse Galante
Punk Vacation,tt0376098,Gary Retmeier
Punk Vacation,tt0376098,Allegra Swift
Punk Vacation,tt0376098,Raymond Fusci
Punk Vacation,tt0376098,Karen Renee
Punk Vacation,tt0376098,Wayne Chema
Suburbia,tt0086589,Chris Pedersen
Suburbia,tt0086589,Bill Coyne
Suburbia,tt0086589,Jennifer Clay
Suburbia,tt0086589,Timothy O'Brien
Suburbia,tt0086589,Wade Walston
Suburbia,tt0086589,Flea
Suburbia,tt0086589,Maggie Ehrig
Suburbia,tt0086589,Grant Miner
Suburbia,tt0086589,Christina Beck
Suburbia,tt0086589,Andrew Pece
Suburbia,tt0086589,Donald V. Allen
Suburbia,tt0086589,Robert Peyton
Suburbia,tt0086589,Jeff Prettyman
Suburbia,tt0086589,Gina Carrera
Suburbia,tt0086589,J. Dinan Myrtetus
An American Hippie in Israel,tt1388371,Asher Tzarfati
An American Hippie in Israel,tt1388371,Shmuel Wolf
An American Hippie in Israel,tt1388371,Lilli Avidan
An American Hippie in Israel,tt1388371,Tsilla Karny
Blood Beach,tt0082083,David Huffman
Blood Beach,tt0082083,Marianna Hill
Blood Beach,tt0082083,Burt Young
Blood Beach,tt0082083,John Saxon
Blood Beach,tt0082083,Otis Young
Blood Beach,tt0082083,Lena Pousette
Blood Beach,tt0082083,Darrell Fetty
Blood Beach,tt0082083,Stefan Gierasch
Blood Beach,tt0082083,Ian Abercrombie
Blood Beach,tt0082083,Mary Jo Catlett
Blood Beach,tt0082083,Harriet Medin
Blood Beach,tt0082083,Laura Burkett
Blood Beach,tt0082083,Lynne Marta
Blood Beach,tt0082083,Eleanor Zee
Blood Beach,tt0082083,Pamela McMyler
Blood Beach,tt0082083,Mickey Fox
Blood Beach,tt0082083,Marleta Giles
Blood Beach,tt0082083,Jacqueline Randall
Blood Beach,tt0082083,Don Barlow
Blood Beach,tt0082083,Julie Dolan
Blood Beach,tt0082083,David Wysong
Blood Beach,tt0082083,Bobby Bass
Blood Beach,tt0082083,Christopher Franklin
Blood Beach,tt0082083,Sandra Friebel
Blood Beach,tt0082083,Read Morgan
Blood Beach,tt0082083,Marcus Chong
Blood Beach,tt0082083,Lavelle Roby
The Hunters of the Golden Cobra,tt0084104,David Warbeck
The Hunters of the Golden Cobra,tt0084104,Almanta Suska
The Hunters of the Golden Cobra,tt0084104,Luciano Pigozzi
The Hunters of the Golden Cobra,tt0084104,Protacio Dee
The Hunters of the Golden Cobra,tt0084104,Rene Abadeza
The Hunters of the Golden Cobra,tt0084104,John Steiner
Intent to Kill,tt0107222,Traci Lords
Intent to Kill,tt0107222,Angelo Tiffe
Intent to Kill,tt0107222,Scott Patterson
Intent to Kill,tt0107222,Luis Ángel Pérez
Intent to Kill,tt0107222,Michael M. Foley
Intent to Kill,tt0107222,Yaphet Kotto
Intent to Kill,tt0107222,Sam Travolta
Intent to Kill,tt0107222,Vinnie Curto
Intent to Kill,tt0107222,Sabrina Ferrand
Intent to Kill,tt0107222,Elena Sahagun
Intent to Kill,tt0107222,Kevin Benton
Intent to Kill,tt0107222,Darryl Moore
Intent to Kill,tt0107222,Dino Homsey
Intent to Kill,tt0107222,Donna Baltron
Intent to Kill,tt0107222,Dallas Cole
Intent to Kill,tt0107222,Geno Dente
Intent to Kill,tt0107222,Michael Lipton
Intent to Kill,tt0107222,Red Horton
Intent to Kill,tt0107222,John Zarchen
Intent to Kill,tt0107222,Bufort McClerkins
Intent to Kill,tt0107222,Joe Murphy
Intent to Kill,tt0107222,Charlie Ganis
Intent to Kill,tt0107222,John Del Rico
Intent to Kill,tt0107222,Crit Killen
Intent to Kill,tt0107222,Angela Todd
Maniac Cop,tt0095583,Tom Atkins
Maniac Cop,tt0095583,Bruce Campbell
Maniac Cop,tt0095583,Laurene Landon
Maniac Cop,tt0095583,Richard Roundtree
Maniac Cop,tt0095583,William Smith
Maniac Cop,tt0095583,Robert Z'Dar
Maniac Cop,tt0095583,Sheree North
Maniac Cop,tt0095583,Nina Arvesen
Maniac Cop,tt0095583,Nick Barbaro
Maniac Cop,tt0095583,Lou Bonacki
Maniac Cop,tt0095583,Barry Brenner
Maniac Cop,tt0095583,Victoria Catlin
Maniac Cop,tt0095583,James Dixon
Maniac Cop,tt0095583,Corey Michael Eubanks
Maniac Cop,tt0095583,Jill Gatsby
Maniac Cop,tt0095583,Rocky Giordani
Maniac Cop,tt0095583,John F. Goff
Maniac Cop,tt0095583,William J. Gorman
Maniac Cop,tt0095583,Jon Greene
Maniac Cop,tt0095583,Teddy M. Haggarty
Maniac Cop,tt0095583,Dan Hicks
Maniac Cop,tt0095583,Erik Holland
Maniac Cop,tt0095583,Dennis Junt
Maniac Cop,tt0095583,Marcia Karr
Maniac Cop,tt0095583,Judy Kerr
Maniac Cop,tt0095583,Jake LaMotta
Maniac Cop,tt0095583,Judy Levitt
Maniac Cop,tt0095583,Jason Lustig
Maniac Cop,tt0095583,William Lustig
Maniac Cop,tt0095583,Vic Manni
Maniac Cop,tt0095583,Tito Núñez
Maniac Cop,tt0095583,Daniel Ortiz
Maniac Cop,tt0095583,Louis Pastore
Maniac Cop,tt0095583,Frank Pesce
Maniac Cop,tt0095583,Bernie Pock
Maniac Cop,tt0095583,Ed Polgardy
Maniac Cop,tt0095583,Sam Raimi
Maniac Cop,tt0095583,Carla Reynolds
Maniac Cop,tt0095583,Jefferson Richard
Maniac Cop,tt0095583,Adele Sparks
Maniac Cop,tt0095583,Tom Taylor
Maniac Cop,tt0095583,Ingrid Van Dorn
Maniac Cop,tt0095583,Luke Walter
Maniac Cop,tt0095583,Patrick Wright
Maniac Cop,tt0095583,Nicholas Yee
Maniac Cop,tt0095583,Lee Arnone
Maniac Cop,tt0095583,Nay K. Dorsey
Maniac Cop,tt0095583,George Buck Flower
Maniac Cop,tt0095583,Bill Waldron
Maniac Cop,tt0095583,Alma Washington
Maniac Cop,tt0095583,Ken Lerner
Maniac Cop,tt0095583,Leo Rossi
Maniac Cop,tt0095583,Charles Croughwell
Maniac Cop,tt0095583,Ron Holmstrom
Hard Ticket to Hawaii,tt0093146,Ronn Moss
Hard Ticket to Hawaii,tt0093146,Dona Speir
Hard Ticket to Hawaii,tt0093146,Hope Marie Carlton
Hard Ticket to Hawaii,tt0093146,Harold Diamond
Hard Ticket to Hawaii,tt0093146,Rodrigo Obregón
Hard Ticket to Hawaii,tt0093146,Cynthia Brimhall
Hard Ticket to Hawaii,tt0093146,Patty Duffek
Hard Ticket to Hawaii,tt0093146,Wolf Larson
Hard Ticket to Hawaii,tt0093146,Lory Green
Hard Ticket to Hawaii,tt0093146,Rustam Branaman
Hard Ticket to Hawaii,tt0093146,David DeShay
Hard Ticket to Hawaii,tt0093146,Michael A. Andrews
Hard Ticket to Hawaii,tt0093146,Kwan Hi Lim
Hard Ticket to Hawaii,tt0093146,Joseph Hieu
Hard Ticket to Hawaii,tt0093146,Peter Bromilow
Hard Ticket to Hawaii,tt0093146,Richard LePore
Hard Ticket to Hawaii,tt0093146,Glen Chin
Hard Ticket to Hawaii,tt0093146,Shawne Zarubica
Hard Ticket to Hawaii,tt0093146,Joey Meran
Hard Ticket to Hawaii,tt0093146,Andy Sidaris
Hard Ticket to Hawaii,tt0093146,Christian Drew Sidaris
Hard Ticket to Hawaii,tt0093146,Russell Howell
Hard Ticket to Hawaii,tt0093146,Bryn George
Hard Ticket to Hawaii,tt0093146,Hideo Su'a
Hard Ticket to Hawaii,tt0093146,Jamie Searle
Hard Ticket to Hawaii,tt0093146,Choya Pennington
Hard Ticket to Hawaii,tt0093146,Sue Don Lubin
Hard Ticket to Hawaii,tt0093146,Larry Don Lubin
Hard Ticket to Hawaii,tt0093146,Viviane Brahms
Hard Ticket to Hawaii,tt0093146,Maurice Brahms
Hard Ticket to Hawaii,tt0093146,John Dunne
Hard Ticket to Hawaii,tt0093146,Colleen Nakasone
Hard Ticket to Hawaii,tt0093146,Mike McKenzie
Hard Ticket to Hawaii,tt0093146,Craig Davis
Hard Ticket to Hawaii,tt0093146,Ralph Riskin
Hard Ticket to Hawaii,tt0093146,Brick Schrum
Hard Ticket to Hawaii,tt0093146,Ross Simeona
Warlock,tt0098622,Julian Sands
Warlock,tt0098622,Lori Singer
Warlock,tt0098622,Richard E. Grant
Warlock,tt0098622,Mary Woronov
Warlock,tt0098622,Kevin O'Brien
Warlock,tt0098622,Richard Kuss
Warlock,tt0098622,Allan Miller
Warlock,tt0098622,Anna Levine
Warlock,tt0098622,David Carpenter
Warlock,tt0098622,Kay E. Kuter
Warlock,tt0098622,Ian Abercrombie
Warlock,tt0098622,Kenneth Danziger
Warlock,tt0098622,Robert Breeze
Warlock,tt0098622,Frank Renzulli
Warlock,tt0098622,Brandon Call
Warlock,tt0098622,Nancy Fox
Warlock,tt0098622,Juli Burkhart
Warlock,tt0098622,Rob Paulsen
Warlock,tt0098622,Peter Sherayko
Warlock,tt0098622,Gyl Roland
Warlock,tt0098622,Meta King
Warlock,tt0098622,Bill Dunnam
Warlock,tt0098622,Wendy Feiner
Warlock,tt0098622,Harry Johnson
Warlock,tt0098622,Art Smith
Maximum Overdrive,tt0091499,Emilio Estevez
Maximum Overdrive,tt0091499,Pat Hingle
Maximum Overdrive,tt0091499,Laura Harrington
Maximum Overdrive,tt0091499,Yeardley Smith
Maximum Overdrive,tt0091499,John Short
Maximum Overdrive,tt0091499,Frankie Faison
Maximum Overdrive,tt0091499,Ellen McElduff
Maximum Overdrive,tt0091499,J. C. Quinn
Maximum Overdrive,tt0091499,Giancarlo Esposito
Maximum Overdrive,tt0091499,Marla Maples
Maximum Overdrive,tt0091499,Stephen King
Maximum Overdrive,tt0091499,Christopher Murney
Maximum Overdrive,tt0091499,Holter Graham
Maximum Overdrive,tt0091499,Jack Canon
Maximum Overdrive,tt0091499,John Brasington
Maximum Overdrive,tt0091499,J. Don Ferguson
Maximum Overdrive,tt0091499,Leon Rippy
Maximum Overdrive,tt0091499,Robert Gooden
Maximum Overdrive,tt0091499,R. Pickett Bugg
Maximum Overdrive,tt0091499,Ned Austin
Maximum Overdrive,tt0091499,Bob Gunter
Maximum Overdrive,tt0091499,Bill Huggins
Maximum Overdrive,tt0091499,Milton Subotsky
Maximum Overdrive,tt0091499,Connie Smith
Maximum Overdrive,tt0091499,Glenn Randall Jr.
Maximum Overdrive,tt0091499,Bernie Pock
Maximum Overdrive,tt0091499,Barry Nolan
Maximum Overdrive,tt0091499,Dean Mumford
Maximum Overdrive,tt0091499,Elizabeth Mulfaxe
Maximum Overdrive,tt0091499,Bruce Moriarty
Maximum Overdrive,tt0091499,Gary McLarty
Maximum Overdrive,tt0091499,Denver Mattson
Maximum Overdrive,tt0091499,Evan A. Lottman
Maximum Overdrive,tt0091499,Peter Linari
Maximum Overdrive,tt0091499,Julius LeFlore
Maximum Overdrive,tt0091499,Dick Langdon
Maximum Overdrive,tt0091499,David Koseruba
Maximum Overdrive,tt0091499,Tabitha King
Maximum Overdrive,tt0091499,Kent Hays
Maximum Overdrive,tt0091499,Gene Hartline
Maximum Overdrive,tt0091499,Robin Grathwol
Maximum Overdrive,tt0091499,Hal Fishman
Maximum Overdrive,tt0091499,Richard Fire
Maximum Overdrive,tt0091499,Francois Coertze
Maximum Overdrive,tt0091499,Christopher Britton
Maximum Overdrive,tt0091499,Jock Brandis
Maximum Overdrive,tt0091499,Christine Anne Baur
Maximum Overdrive,tt0091499,Phil Adams
Maximum Overdrive,tt0091499,Richard Chapman Jr.
Maximum Overdrive,tt0091499,Martin Tucker
Maximum Overdrive,tt0091499,Aimée Leigh
Nekromantik,tt0093608,Beatrice Manowski
Nekromantik,tt0093608,Harald Lundt
Nekromantik,tt0093608,Colloseo Schulzendorf
Nekromantik,tt0093608,Volker Hauptvogel
Nekromantik,tt0093608,Patricia Leipold
Nekromantik,tt0093608,Franz Rodenkirchen
Nekromantik,tt0093608,Daktari Lorenz
Manos: The Hands of Fate,tt0060666,Harold P. Warren
Manos: The Hands of Fate,tt0060666,Tom Neyman
Manos: The Hands of Fate,tt0060666,John Reynolds
Manos: The Hands of Fate,tt0060666,Diane Mahree
Manos: The Hands of Fate,tt0060666,Stephanie Nielson
Manos: The Hands of Fate,tt0060666,Sherry Proctor
Manos: The Hands of Fate,tt0060666,Robin Redd
Manos: The Hands of Fate,tt0060666,Jackey Neyman
Manos: The Hands of Fate,tt0060666,Bernie Rosenblum
Manos: The Hands of Fate,tt0060666,Joyce Molleur
Manos: The Hands of Fate,tt0060666,William Bryan Jennings
Manos: The Hands of Fate,tt0060666,Jay Hall
Manos: The Hands of Fate,tt0060666,Bettie Burns
Manos: The Hands of Fate,tt0060666,Lelanie Hansard
Manos: The Hands of Fate,tt0060666,Pat Coburn
Manos: The Hands of Fate,tt0060666,Pat Sullivan
Manos: The Hands of Fate,tt0060666,George Cavender
Superman IV: The Quest for Peace,tt0094074,Christopher Reeve
Superman IV: The Quest for Peace,tt0094074,Margot Kidder
Superman IV: The Quest for Peace,tt0094074,Gene Hackman
Superman IV: The Quest for Peace,tt0094074,Jackie Cooper
Superman IV: The Quest for Peace,tt0094074,Marc McClure
Superman IV: The Quest for Peace,tt0094074,Jon Cryer
Superman IV: The Quest for Peace,tt0094074,Sam Wanamaker
Superman IV: The Quest for Peace,tt0094074,Mariel Hemingway
Superman IV: The Quest for Peace,tt0094074,Mark Pillow
Superman IV: The Quest for Peace,tt0094074,Damian McLawhorn
Superman IV: The Quest for Peace,tt0094074,William Hootkins
Superman IV: The Quest for Peace,tt0094074,Jim Broadbent
Superman IV: The Quest for Peace,tt0094074,Stanley Lebor
Superman IV: The Quest for Peace,tt0094074,Don Fellows
Superman IV: The Quest for Peace,tt0094074,Robert Beatty
Superman IV: The Quest for Peace,tt0094074,Bradley Lavelle
Superman IV: The Quest for Peace,tt0094074,Mac McDonald
Superman IV: The Quest for Peace,tt0094074,Steve Plytas
Superman IV: The Quest for Peace,tt0094074,Czeslaw Grocholski
Superman IV: The Quest for Peace,tt0094074,John Hollis
Superman IV: The Quest for Peace,tt0094074,Bob Sherman
Superman IV: The Quest for Peace,tt0094074,Eiji Kusuhara
Superman IV: The Quest for Peace,tt0094074,Yuri Borienko
Superman IV: The Quest for Peace,tt0094074,Boris Isarov
Superman IV: The Quest for Peace,tt0094074,Dorota Zięciowska
Superman IV: The Quest for Peace,tt0094074,Jayne Brook
Superman IV: The Quest for Peace,tt0094074,Susannah York
Superman IV: The Quest for Peace,tt0094074,Diana Hunter
Superman IV: The Quest for Peace,tt0094074,Indira Joshi
Superman IV: The Quest for Peace,tt0094074,Jiří Stanislav
Superman IV: The Quest for Peace,tt0094074,Ron Travis
Superman IV: The Quest for Peace,tt0094074,Matthew Freeman
Superman IV: The Quest for Peace,tt0094074,Douglas W. Iles
Superman IV: The Quest for Peace,tt0094074,Ted Maynard
Superman IV: The Quest for Peace,tt0094074,Raymond Marlowe
Superman IV: The Quest for Peace,tt0094074,John Cagon
Superman IV: The Quest for Peace,tt0094074,Malcolm Bullivant
Superman IV: The Quest for Peace,tt0094074,Mark Caven
Superman IV: The Quest for Peace,tt0094074,Nicholas Colicos
Superman IV: The Quest for Peace,tt0094074,David Garth
Superman IV: The Quest for Peace,tt0094074,Esmond Knight
Superman IV: The Quest for Peace,tt0094074,Keith Edwards
Superman IV: The Quest for Peace,tt0094074,Eugene Lipinski
Superman IV: The Quest for Peace,tt0094074,Dennis Creaghan
Superman IV: The Quest for Peace,tt0094074,Philip Fox
Superman IV: The Quest for Peace,tt0094074,Jimmy Fung
Superman IV: The Quest for Peace,tt0094074,Guinevere John
Superman IV: The Quest for Peace,tt0094074,Peter Penry-Jones
Superman IV: The Quest for Peace,tt0094074,Witold Schejbal
Superman IV: The Quest for Peace,tt0094074,Rex Robinson
Superman IV: The Quest for Peace,tt0094074,Kerry Shale
Superman IV: The Quest for Peace,tt0094074,Tina Simmons
Superman IV: The Quest for Peace,tt0094074,Samantha Weysom
Superman IV: The Quest for Peace,tt0094074,Kenneth Coombs
Flash Gordon,tt0080745,Sam J. Jones
Flash Gordon,tt0080745,Melody Anderson
Flash Gordon,tt0080745,Max von Sydow
Flash Gordon,tt0080745,Chaim Topol
Flash Gordon,tt0080745,Ornella Muti
Flash Gordon,tt0080745,Timothy Dalton
Flash Gordon,tt0080745,Brian Blessed
Flash Gordon,tt0080745,Peter Wyngarde
Flash Gordon,tt0080745,Mariangela Melato
Flash Gordon,tt0080745,John Osborne
Flash Gordon,tt0080745,Richard O'Brien
Flash Gordon,tt0080745,John Hallam
Flash Gordon,tt0080745,Philip Stone
Flash Gordon,tt0080745,Suzanne Danielle
Flash Gordon,tt0080745,William Hootkins
Flash Gordon,tt0080745,Bobbie Brown
Flash Gordon,tt0080745,Ted Carroll
Flash Gordon,tt0080745,Adrienne Kronenberg
Flash Gordon,tt0080745,Stanley Lebor
Flash Gordon,tt0080745,John Morton
Flash Gordon,tt0080745,Burnell Tucker
Flash Gordon,tt0080745,Robbie Coltrane
Flash Gordon,tt0080745,Peter Duncan
Flash Gordon,tt0080745,Ken Sicklen
Flash Gordon,tt0080745,Tessa Hewitt
Flash Gordon,tt0080745,Venetia Spicer
Flash Gordon,tt0080745,Francis Mughan
Flash Gordon,tt0080745,Oliver MacGreevy
Flash Gordon,tt0080745,John Hollis
Flash Gordon,tt0080745,Paul Bentall
Flash Gordon,tt0080745,Leon Greene
Flash Gordon,tt0080745,Graeme Crowther
Flash Gordon,tt0080745,Tony Scannell
Flash Gordon,tt0080745,David Neal
Flash Gordon,tt0080745,Bogdan Kominowski
Flash Gordon,tt0080745,George Harris
Flash Gordon,tt0080745,Colin Taylor
Flash Gordon,tt0080745,Doretta Dunkley
Flash Gordon,tt0080745,Sally Nicholson
Flash Gordon,tt0080745,Deep Roy
Flash Gordon,tt0080745,Michelle Mildwater
Flash Gordon,tt0080745,Marie Green
Flash Gordon,tt0080745,Imogen Claire
Flash Gordon,tt0080745,Kay Zimmerman
Flash Gordon,tt0080745,Frederick Warder
Flash Gordon,tt0080745,Stephen Brigden
Flash Gordon,tt0080745,Lionel Guyett
Flash Gordon,tt0080745,Ken Robertson
Flash Gordon,tt0080745,Andy Bradford
Flash Gordon,tt0080745,Bertram Adams
Flash Gordon,tt0080745,Terry Forrestal
Flash Gordon,tt0080745,Mike Potter
Flash Gordon,tt0080745,John Sullivan
Flash Gordon,tt0080745,Eddie Stacey
Flash Gordon,tt0080745,John Lees
Flash Gordon,tt0080745,Roy Scammell
Flash Gordon,tt0080745,Kathy Marquis
Flash Gordon,tt0080745,Sophie
Flash Gordon,tt0080745,Kathy September
Flash Gordon,tt0080745,Glenna Forster-Jones
Flash Gordon,tt0080745,Roseanne Romine
Flash Gordon,tt0080745,Snehal Patel
Flash Gordon,tt0080745,Magda
Flash Gordon,tt0080745,Shaka
Flash Gordon,tt0080745,Lindy
Flash Gordon,tt0080745,Viva
Flash Gordon,tt0080745,Beverly Andrews
Flash Gordon,tt0080745,Frances Ward
Flash Gordon,tt0080745,Kerry-Lou Baylis
Flash Gordon,tt0080745,Camella
Surf Nazis Must Die,tt0094077,Gail Neely
Surf Nazis Must Die,tt0094077,Robert Harden
Surf Nazis Must Die,tt0094077,Barry Brenner
Surf Nazis Must Die,tt0094077,Dawn Wildsmith
Surf Nazis Must Die,tt0094077,Michael Sonye
Surf Nazis Must Die,tt0094077,Joel Hile
Surf Nazis Must Die,tt0094077,Gene Mitchell
Surf Nazis Must Die,tt0094077,Tom Shell
Surf Nazis Must Die,tt0094077,Bobbie Bresee
Surf Nazis Must Die,tt0094077,Tom Demenkoff
Surf Nazis Must Die,tt0094077,John Williamette
Surf Nazis Must Die,tt0094077,Rand Hogen
Surf Nazis Must Die,tt0094077,Daniel Kong
Surf Nazis Must Die,tt0094077,Steve Reid
Surf Nazis Must Die,tt0094077,Terry Lee
Surf Nazis Must Die,tt0094077,Ted Prior
Surf Nazis Must Die,tt0094077,Dianne Copeland
Surf Nazis Must Die,tt0094077,Gary J. Levinson
Surf Nazis Must Die,tt0094077,Christina Garcia
Evil,tt0813129,Meletis Georgiadis
Evil,tt0813129,Argiris Thanasoulas
Evil,tt0813129,Pepi Moschovakou
Evil,tt0813129,Stavroula Thomopoulou
Evil,tt0813129,Mary Tsoni
Evil,tt0813129,Andreas Kontopoulos
Evil,tt0813129,Nikos Sambalis
Evil,tt0813129,Yannis Katsambas
Zardoz,tt0070948,Sean Connery
Zardoz,tt0070948,Charlotte Rampling
Zardoz,tt0070948,Sara Kestelman
Zardoz,tt0070948,John Alderton
Zardoz,tt0070948,Sally Anne Newton
Zardoz,tt0070948,Niall Buggy
Zardoz,tt0070948,Bosco Hogan
Zardoz,tt0070948,Jessica Swift
Zardoz,tt0070948,Bairbre Dowling
Zardoz,tt0070948,Christopher Casson
Zardoz,tt0070948,Reginald Jarman
Zardoz,tt0070948,John Boorman
Zardoz,tt0070948,Daisy Boorman
Zardoz,tt0070948,Katrine Boorman
Zardoz,tt0070948,Telsche Boorman
Zardoz,tt0070948,David de Keyser
Dark Angel,tt0099817,Dolph Lundgren
Dark Angel,tt0099817,Brian Benben
Dark Angel,tt0099817,Betsy Brantley
Dark Angel,tt0099817,Matthias Hues
Dark Angel,tt0099817,Jay Bilas
Dark Angel,tt0099817,Jim Haynie
Dark Angel,tt0099817,David Ackroyd
Dark Angel,tt0099817,Sherman Howard
Dark Angel,tt0099817,Sam Anderson
Dark Angel,tt0099817,Michael J. Pollard
Dark Angel,tt0099817,Jesse Vint
Dark Angel,tt0099817,Mark Lowenthal
Dark Angel,tt0099817,Alex Morris
Dark Angel,tt0099817,Chris Kinkade
Dark Angel,tt0099817,Al Leong
Dark Angel,tt0099817,Brandon Smith
Dark Angel,tt0099817,Tom Campitelli
Dark Angel,tt0099817,Suzanne Savoy
Dark Angel,tt0099817,Tony Brubaker
Dark Angel,tt0099817,Nik Hagler
Dark Angel,tt0099817,Kevin Page
Dark Angel,tt0099817,Mimi Cochran
The Girl in Room 2A,tt0075814,Daniela Giordano
The Girl in Room 2A,tt0075814,Raf Vallone
The Girl in Room 2A,tt0075814,John Scanlon
The Girl in Room 2A,tt0075814,Angelo Infanti
The Girl in Room 2A,tt0075814,Karin Schubert
The Girl in Room 2A,tt0075814,Rosalba Neri
The Girl in Room 2A,tt0075814,Brad Harris
The Girl in Room 2A,tt0075814,Giovanna Galletti
The Girl in Room 2A,tt0075814,Nuccia Cardinali
The Girl in Room 2A,tt0075814,Dada Gallotti
The Girl in Room 2A,tt0075814,Salvatore Billa
The Girl in Room 2A,tt0075814,Carla Mancini
TC 2000,tt0108277,Bolo Yeung
TC 2000,tt0108277,Billy Blanks
TC 2000,tt0108277,Jalal Merhi
TC 2000,tt0108277,Bobbie Phillips
TC 2000,tt0108277,Matthias Hues
TC 2000,tt0108277,Kelly Gallant
Interzone,tt0093268,Bruce Abbott
Interzone,tt0093268,Beatrice Ring
Interzone,tt0093268,Teagan Clive
Interzone,tt0093268,John Armstead
Interzone,tt0093268,Kiro Wehara
Interzone,tt0093268,Franco Diogene
Interzone,tt0093268,Laura Gemser
Zaat,tt0072666,Marshall Grauer
Zaat,tt0072666,Wade Popwell
Zaat,tt0072666,Paul Galloway
Zaat,tt0072666,Gerald Cruse
Zaat,tt0072666,Sanna Ringhaver
Zaat,tt0072666,Dave Dickerson
Zaat,tt0072666,Rich Valliere
Zaat,tt0072666,Nancy Lien
Zaat,tt0072666,Russell Holcomb
Zaat,tt0072666,Gloria Brady
Zaat,tt0072666,Del Galloway
Zaat,tt0072666,Hal Nearhoof
Zaat,tt0072666,Jim Merrill
Zaat,tt0072666,Elizabeth Barton
Zaat,tt0072666,Jim Merrill
Zaat,tt0072666,Bob Knowles
Zaat,tt0072666,Carol Thompson
Zaat,tt0072666,Jack Weatherford
Zaat,tt0072666,Doug Thomas
American Ninja,tt0088708,Michael Dudikoff
American Ninja,tt0088708,Steve James
American Ninja,tt0088708,Judie Aronson
American Ninja,tt0088708,Guich Koock
American Ninja,tt0088708,John Fujioka
American Ninja,tt0088708,Don Stewart
American Ninja,tt0088708,John LaMotta
American Ninja,tt0088708,Tadashi Yamashita
American Ninja,tt0088708,Phillip Brock
American Ninja,tt0088708,Tony Carreon
American Ninja,tt0088708,Roi Vinzon
American Ninja,tt0088708,Richard Norton
American Ninja,tt0088708,Henry Strzalkowski
Krull,tt0085811,Ken Marshall
Krull,tt0085811,Lysette Anthony
Krull,tt0085811,Freddie Jones
Krull,tt0085811,Francesca Annis
Krull,tt0085811,Alun Armstrong
Krull,tt0085811,David Battley
Krull,tt0085811,Bernard Bresslaw
Krull,tt0085811,Liam Neeson
Krull,tt0085811,John Welsh
Krull,tt0085811,Graham McGrath
Krull,tt0085811,Tony Church
Krull,tt0085811,Bernard Archard
Krull,tt0085811,Belinda Mayne
Krull,tt0085811,Dicken Ashworth
Krull,tt0085811,Todd Carty
Krull,tt0085811,Robbie Coltrane
Krull,tt0085811,Clare McIntyre
Krull,tt0085811,Bronco McLoughlin
Krull,tt0085811,Andy Bradford
Krull,tt0085811,Gerard Naprous
Krull,tt0085811,Bill Weston
Krull,tt0085811,Lindsay Crouse
Krull,tt0085811,Michael Elphick
Krull,tt0085811,Derek Lyons
Krull,tt0085811,Trevor Martin
Krull,tt0085811,Dinny Powell
Krull,tt0085811,Nosher Powell
Krull,tt0085811,Tom Rumpf
The Beastmaster,tt0083630,Marc Singer
The Beastmaster,tt0083630,Tanya Roberts
The Beastmaster,tt0083630,Rip Torn
The Beastmaster,tt0083630,John Amos
The Beastmaster,tt0083630,Joshua Milrad
The Beastmaster,tt0083630,Rod Loomis
The Beastmaster,tt0083630,Ben Hammer
The Beastmaster,tt0083630,Ralph Strait
The Beastmaster,tt0083630,Billy Jayne
The Beastmaster,tt0083630,Christine Kellogg
The Beastmaster,tt0083630,Janet Jones
The Beastmaster,tt0083630,Tony Epper
The Beastmaster,tt0083630,Vanna Bonta
The Beastmaster,tt0083630,Kim Tabet
The Beastmaster,tt0083630,Janet DeMay
The Beastmaster,tt0083630,Chuck Hicks
Raiders of the Living Dead,tt0138050,Scott Schwartz
Raiders of the Living Dead,tt0138050,Robert Deveau
Raiders of the Living Dead,tt0138050,Donna Asali
Raiders of the Living Dead,tt0138050,Robert Allen
Raiders of the Living Dead,tt0138050,Robert A. Sacchetti
Raiders of the Living Dead,tt0138050,Zita Johann
Raiders of the Living Dead,tt0138050,Corri Burt
Raiders of the Living Dead,tt0138050,Leonard Corman
Raiders of the Living Dead,tt0138050,Nino Rigali
Raiders of the Living Dead,tt0138050,Barbara June Patterson
Raiders of the Living Dead,tt0138050,Christine Farish
Raiders of the Living Dead,tt0138050,Tex Tuttle
3:15,tt0090564,Adam Baldwin
3:15,tt0090564,Jesse Aragon
3:15,tt0090564,René Auberjonois
3:15,tt0090564,Wendy Barry
3:15,tt0090564,Bradford Bancroft
3:15,tt0090564,Joseph Brutsman
3:15,tt0090564,John Scott Clough
3:15,tt0090564,Wayne Crawford
3:15,tt0090564,Danny De La Paz
3:15,tt0090564,Lori Eastside
3:15,tt0090564,Jeb Ellis-Brown
3:15,tt0090564,Deborah Foreman
3:15,tt0090564,Panchito Gómez
3:15,tt0090564,Nancy Locke
3:15,tt0090564,Ed Lauter
3:15,tt0090564,Mario Van Peebles
3:15,tt0090564,Gina Gershon
3:15,tt0090564,Wings Hauser
3:15,tt0090564,David W. Harper
The Vengeance of the Winged Serpent,tt0088344,Coluche
The Vengeance of the Winged Serpent,tt0088344,Josiane Balasko
The Vengeance of the Winged Serpent,tt0088344,Philippe Khorsand
The Vengeance of the Winged Serpent,tt0088344,Jackie Sardou
The Vengeance of the Winged Serpent,tt0088344,Luis Rego
The Vengeance of the Winged Serpent,tt0088344,Maruschka Detmers
The Vengeance of the Winged Serpent,tt0088344,Farid Chopel
The Vengeance of the Winged Serpent,tt0088344,Ged Marlon
The Vengeance of the Winged Serpent,tt0088344,Dominique Frot
The Vengeance of the Winged Serpent,tt0088344,François Dunoyer
The Vengeance of the Winged Serpent,tt0088344,Rodolfo De Souza
The Vengeance of the Winged Serpent,tt0088344,Jean Lanier
The Vengeance of the Winged Serpent,tt0088344,Jeanne Herviale
The Vengeance of the Winged Serpent,tt0088344,Hervé Claude
The Vengeance of the Winged Serpent,tt0088344,Xavier Maly
The Vengeance of the Winged Serpent,tt0088344,Philippe Baronnet
The Vengeance of the Winged Serpent,tt0088344,Sacha Briquet
The Vengeance of the Winged Serpent,tt0088344,Fred Romano
The Vengeance of the Winged Serpent,tt0088344,Audrey Lazzini
The Vengeance of the Winged Serpent,tt0088344,Mohamed Fathi El Nagar
The Vengeance of the Winged Serpent,tt0088344,Henri Attal
The Vengeance of the Winged Serpent,tt0088344,Jean-Claude Audouin
The Vengeance of the Winged Serpent,tt0088344,Patrick Bonnel
The Vengeance of the Winged Serpent,tt0088344,Philippe Uchan
The Vengeance of the Winged Serpent,tt0088344,Philippe Babin
The Vengeance of the Winged Serpent,tt0088344,Pascal Blivet
The Vengeance of the Winged Serpent,tt0088344,Clémentine Célarié
The Vengeance of the Winged Serpent,tt0088344,Takashi Kawahara
The Vengeance of the Winged Serpent,tt0088344,Jorge Luke
Karate Warrior 6,tt0253526,Ron Williams
Karate Warrior 6,tt0253526,Gabriella Barbuti
Karate Warrior 6,tt0253526,R. Emmett Fitzsimmons
Karate Warrior 6,tt0253526,Dorian D. Field
Karate Warrior 6,tt0253526,David Warbeck
Karate Warrior 6,tt0253526,Roman Cardwell
Karate Warrior 6,tt0253526,Tiffany Gordon
Karate Warrior 6,tt0253526,Ian Eisenberg
Savage Streets,tt0088044,Linda Blair
Savage Streets,tt0088044,John Vernon
Savage Streets,tt0088044,Robert Dryer
Savage Streets,tt0088044,Linnea Quigley
Savage Streets,tt0088044,Sal Landi
Savage Streets,tt0088044,Johnny Venocur
Savage Streets,tt0088044,Scott Mayer
Savage Streets,tt0088044,Debra Blee
Savage Streets,tt0088044,Lisa Freeman
Savage Streets,tt0088044,Marcia Karr
Savage Streets,tt0088044,Ina Romeo
Savage Streets,tt0088044,Luisa Leschin
Savage Streets,tt0088044,Jill Jaxx
Savage Streets,tt0088044,Bob DeSimone
Savage Streets,tt0088044,Rebecca Perle
Savage Streets,tt0088044,Paula Shaw
Savage Streets,tt0088044,Kristi Somers
Savage Streets,tt0088044,Perla Walter
Savage Streets,tt0088044,Carole Ita White
Savage Streets,tt0088044,Suzee Slater
Savage Streets,tt0088044,Brinke Stevens
Amsterdamned,tt0094651,Huub Stapel
Amsterdamned,tt0094651,Monique van de Ven
Amsterdamned,tt0094651,Serge-Henri Valcke
Amsterdamned,tt0094651,Lou Landré
Amsterdamned,tt0094651,Tatum Dagelet
Amsterdamned,tt0094651,Bert Haanstra
Amsterdamned,tt0094651,Tanneke Hartzuiker
Amsterdamned,tt0094651,Wim Zomer
Amsterdamned,tt0094651,Hidde Maas
Amsterdamned,tt0094651,Edwin Bakker
Amsterdamned,tt0094651,Barbara Martijn
Amsterdamned,tt0094651,Leontine Borsato
Amsterdamned,tt0094651,Jules Croiset
Fatal Deviation,tt0488046,James P. Bennett
Fatal Deviation,tt0488046,Mikey Graham
Fatal Deviation,tt0488046,Conor O'Shea
Fatal Deviation,tt0488046,Greg Weir
Fatal Deviation,tt0488046,Barry Smith
Fatal Deviation,tt0488046,Paudie Greene
Fatal Deviation,tt0488046,Edward Healy
Fatal Deviation,tt0488046,Peter Crinion
Fatal Deviation,tt0488046,Colin Hamilton
Fatal Deviation,tt0488046,Mattie Finnegan
Fatal Deviation,tt0488046,Aenne Barr
Fatal Deviation,tt0488046,Justin Harmon
Fatal Deviation,tt0488046,Raymond Carroll
Fatal Deviation,tt0488046,Paul Cotrulia
Fatal Deviation,tt0488046,Alan Heary
Fatal Deviation,tt0488046,Karen O'Sullivan
Fatal Deviation,tt0488046,Nicole O'Sullivan
The Black Gestapo,tt0169620,Rod Perry
The Black Gestapo,tt0169620,Charles Robinson
The Black Gestapo,tt0169620,Phil Hoover
The Black Gestapo,tt0169620,Edward Cross
The Black Gestapo,tt0169620,Uschi Digard
The Black Gestapo,tt0169620,I. William Quinn
The Black Gestapo,tt0169620,Donna Young
The Black Gestapo,tt0169620,Lee Frost
The Black Gestapo,tt0169620,Wes Bishop
The Black Gestapo,tt0169620,Charles Howerton
The Black Gestapo,tt0169620,Rai Tasco
The Black Gestapo,tt0169620,David Bryant
The Black Gestapo,tt0169620,Adolf Hitler
The Black Gestapo,tt0169620,J. Christopher Sullivan
The Black Gestapo,tt0169620,Susan Randolph
The Black Gestapo,tt0169620,Colin Male
The Black Gestapo,tt0169620,Gene Russell
The Black Gestapo,tt0169620,Chuck Wells
The Black Gestapo,tt0169620,Tim Wade
The Black Gestapo,tt0169620,Roger Gentry
The Black Gestapo,tt0169620,Angela Brent
SS Experiment Love Camp,tt0074768,Mircha Carven
SS Experiment Love Camp,tt0074768,Paola Corazzi
SS Experiment Love Camp,tt0074768,Giorgio Cerioni
SS Experiment Love Camp,tt0074768,Serafino Profumo
SS Experiment Love Camp,tt0074768,Giovanna Mainardi
SS Experiment Love Camp,tt0074768,Attilio Dottesio
SS Experiment Love Camp,tt0074768,Patrizia Melega
SS Experiment Love Camp,tt0074768,Almina De Sanzio
SS Experiment Love Camp,tt0074768,Matilde Dall'Aglio
SS Experiment Love Camp,tt0074768,Agnes Kalpagos
SS Experiment Love Camp,tt0074768,Carolyn De Fonseca
SS Experiment Love Camp,tt0074768,Maurizio Reti
SS Experiment Love Camp,tt0074768,Inga Alexandrova
Ilsa: She Wolf of the SS,tt0071650,Dyanne Thorne
Ilsa: She Wolf of the SS,tt0071650,Gregory Knoph
Ilsa: She Wolf of the SS,tt0071650,Tony Mumolo
Ilsa: She Wolf of the SS,tt0071650,Maria Marx
Ilsa: She Wolf of the SS,tt0071650,Nicolle Riddell
Ilsa: She Wolf of the SS,tt0071650,Sandy Richman
Ilsa: She Wolf of the SS,tt0071650,George Buck Flower
Ilsa: She Wolf of the SS,tt0071650,Rodina Keeler
Ilsa: She Wolf of the SS,tt0071650,Richard Kennedy
Ilsa: She Wolf of the SS,tt0071650,Lance Marshall
Ilsa: She Wolf of the SS,tt0071650,Wayne Beauchamp
Ilsa: She Wolf of the SS,tt0071650,Eve Orlon
Ilsa: She Wolf of the SS,tt0071650,Colleen Brennan
Ilsa: She Wolf of the SS,tt0071650,Sandy Dempsey
Ilsa: She Wolf of the SS,tt0071650,Uschi Digard
Ilsa: She Wolf of the SS,tt0071650,Jacqueline Giroux
Ilsa: She Wolf of the SS,tt0071650,John F. Goff
Ilsa: She Wolf of the SS,tt0071650,Meri McDonald
Ilsa: She Wolf of the SS,tt0071650,Janet Newell
Ilsa: She Wolf of the SS,tt0071650,Gary Schneider
Ilsa: She Wolf of the SS,tt0071650,Peggy Sipots
Ilsa: She Wolf of the SS,tt0071650,Donna Young
Ilsa: She Wolf of the SS,tt0071650,Wayne Beauchamp
Ilsa: She Wolf of the SS,tt0071650,Jacqueline Giroux
"Yor, the Hunter from the Future",tt0084935,Reb Brown
"Yor, the Hunter from the Future",tt0084935,Corinne Cléry
"Yor, the Hunter from the Future",tt0084935,Luciano Pigozzi
"Yor, the Hunter from the Future",tt0084935,Luigina Rocchi
"Yor, the Hunter from the Future",tt0084935,Carole André
"Yor, the Hunter from the Future",tt0084935,John Steiner
"Yor, the Hunter from the Future",tt0084935,Ayshe Gul
"Yor, the Hunter from the Future",tt0084935,Sergio Nicolai
"Yor, the Hunter from the Future",tt0084935,Aytekin Akkaya
"Yor, the Hunter from the Future",tt0084935,Ludovico Della Jojo
"Yor, the Hunter from the Future",tt0084935,Paul Costello
"Yor, the Hunter from the Future",tt0084935,Adrian Akdemir
"Yor, the Hunter from the Future",tt0084935,Herent Akdemir
"Yor, the Hunter from the Future",tt0084935,Ali Selgur
"Yor, the Hunter from the Future",tt0084935,Zeynep Selgur
"Yor, the Hunter from the Future",tt0084935,Henk Akin
"Yor, the Hunter from the Future",tt0084935,Henk Akin
"Yor, the Hunter from the Future",tt0084935,Nurdan Asar
"Yor, the Hunter from the Future",tt0084935,Yadigar Ejder
"Yor, the Hunter from the Future",tt0084935,Nilgün Bubikoğlu
"Yor, the Hunter from the Future",tt0084935,Tevfik Şen
"Yor, the Hunter from the Future",tt0084935,Yasemin Celenk
"Yor, the Hunter from the Future",tt0084935,Levent Çakır
Savage Justice,tt0096040,Julia Montgomery
Savage Justice,tt0096040,Steven Memel
Savage Justice,tt0096040,Ruel Vernal
Savage Justice,tt0096040,Chanda Romero
Savage Justice,tt0096040,Ester Chavez
Savage Justice,tt0096040,Millicent Bautista
Savage Justice,tt0096040,Ken Metcalfe
Savage Justice,tt0096040,Liz Shepherd
Savage Justice,tt0096040,Willie Williams
Savage Justice,tt0096040,Rey 'Bigboy' Basa
Savage Justice,tt0096040,Hero Bautista
Savage Justice,tt0096040,Mykell Chan
Savage Justice,tt0096040,Anthony East
Savage Justice,tt0096040,Gally Sayson
Savage Justice,tt0096040,Ronaldo Ledesma
Savage Justice,tt0096040,Carl Morris
The Last American Soldier,tt0166145,Craig Alan
The Last American Soldier,tt0166145,David Light
The Last American Soldier,tt0166145,Max Laurel
The Last American Soldier,tt0166145,Larry Brand
The Last American Soldier,tt0166145,Mike Monty
The Last American Soldier,tt0166145,Tanya Gomez
The Last American Soldier,tt0166145,Ken Watanabe
The Last American Soldier,tt0166145,James Clevenger
The Last American Soldier,tt0166145,Ho Tchan Chi
The Last American Soldier,tt0166145,Mary San
The Last American Soldier,tt0166145,Mel Davidson
The Last American Soldier,tt0166145,Michael Welborn
The Last American Soldier,tt0166145,Donald Wilson
The Last American Soldier,tt0166145,Eric Hahn
The Last American Soldier,tt0166145,Philip Gordon
Nightstick,tt0093631,Bruce Fairbairn
Nightstick,tt0093631,Kerrie Keane
Nightstick,tt0093631,Robert Vaughn
Nightstick,tt0093631,John Vernon
Nightstick,tt0093631,Leslie Nielsen
Nightstick,tt0093631,Walker Boone
Nightstick,tt0093631,Tony De Santis
Nightstick,tt0093631,David Mucci
Nightstick,tt0093631,Roger Dunn
Nightstick,tt0093631,François Klanfer
Nightstick,tt0093631,Eric Murphy
Nightstick,tt0093631,Diana Reis
Nightstick,tt0093631,Philip Akin
Nightstick,tt0093631,Sam Moses
Nightstick,tt0093631,Nicholas Pasco
Nightstick,tt0093631,Corinne Conley
Captain America,tt0103923,Matt Salinger
Captain America,tt0103923,Ronny Cox
Captain America,tt0103923,Scott Paulin
Captain America,tt0103923,Ned Beatty
Captain America,tt0103923,Darren McGavin
Captain America,tt0103923,Michael Nouri
Captain America,tt0103923,Kim Gillingham
Captain America,tt0103923,Melinda Dillon
Captain America,tt0103923,Bill Mumy
Captain America,tt0103923,Francesca Neri
Captain America,tt0103923,Carla Cassola
Captain America,tt0103923,Massimilio Massimi
Captain America,tt0103923,Wayde Preston
Captain America,tt0103923,Norbert Weisser
Captain America,tt0103923,Garette Ratliff Henson
Captain America,tt0103923,Raffaele Buranelli
Stone Cold,tt0102984,Brian Bosworth
Stone Cold,tt0102984,Lance Henriksen
Stone Cold,tt0102984,William Forsythe
Stone Cold,tt0102984,Arabella Holzbog
Stone Cold,tt0102984,Sam McMurray
Stone Cold,tt0102984,Richard Gant
Stone Cold,tt0102984,Paulo Tocha
Stone Cold,tt0102984,David Tress
Stone Cold,tt0102984,Evan James
Stone Cold,tt0102984,Tony Pierce
Stone Cold,tt0102984,Billy Million
Stone Cold,tt0102984,Robert Winley
Stone Cold,tt0102984,Gregory Scott Cummins
Stone Cold,tt0102984,Demetre Phillips
Stone Cold,tt0102984,Magic Schwarz
Stone Cold,tt0102984,Laura Albert
Stone Cold,tt0102984,Brenda James
Stone Cold,tt0102984,Matt Johnston
Stone Cold,tt0102984,Kevin Page
Programmed to Kill,tt0093790,Robert Ginty
Programmed to Kill,tt0093790,Sandahl Bergman
Programmed to Kill,tt0093790,James Booth
Programmed to Kill,tt0093790,Alex Courtney
Programmed to Kill,tt0093790,Paul Walker
Programmed to Kill,tt0093790,Louise Caire Clark
Programmed to Kill,tt0093790,Peter Bromilow
Programmed to Kill,tt0093790,George Fisher
Programmed to Kill,tt0093790,Jim Turner
Programmed to Kill,tt0093790,Chaim Banai
Programmed to Kill,tt0093790,John Gillespie
Programmed to Kill,tt0093790,Robert Gould
Programmed to Kill,tt0093790,Charles Howerton
Programmed to Kill,tt0093790,Leon Martell
R.O.T.O.R.,tt0098156,Margaret Trigg
R.O.T.O.R.,tt0098156,Richard Gesswein
R.O.T.O.R.,tt0098156,Jayne Smith
R.O.T.O.R.,tt0098156,James Cole
R.O.T.O.R.,tt0098156,Stan Moore
R.O.T.O.R.,tt0098156,Nanette Kuczek
R.O.T.O.R.,tt0098156,Brad Overturf
R.O.T.O.R.,tt0098156,Shawn Brown
R.O.T.O.R.,tt0098156,Michael Hunter
R.O.T.O.R.,tt0098156,Victor Kwasnick
R.O.T.O.R.,tt0098156,Ron Baker
R.O.T.O.R.,tt0098156,Diana Hurd
R.O.T.O.R.,tt0098156,Bill Blair
R.O.T.O.R.,tt0098156,Bob Lennard
R.O.T.O.R.,tt0098156,Janiece Stamper
R.O.T.O.R.,tt0098156,George Jones
R.O.T.O.R.,tt0098156,Gigi Green
R.O.T.O.R.,tt0098156,Carroll Brandon Baker
Killer Workout,tt0091339,Marcia Karr
Killer Workout,tt0091339,David James Campbell
Killer Workout,tt0091339,Fritz Matthews
Killer Workout,tt0091339,Ted Prior
Killer Workout,tt0091339,Teresa Van der Woude
Killer Workout,tt0091339,Richard Bravo
Killer Workout,tt0091339,Dianne Copeland
Killer Workout,tt0091339,Laurel Mock
Killer Workout,tt0091339,Lynn Meighan
Killer Workout,tt0091339,Teresa Truesdale
Killer Workout,tt0091339,Denise Martell
Killer Workout,tt0091339,Michael Beck
Killer Workout,tt0091339,John Robb
Killer Workout,tt0091339,Larry Reynolds
Killer Workout,tt0091339,Joel Hoffman
Killer Workout,tt0091339,Deborah Norris
Killer Workout,tt0091339,Sharon Young
Killer Workout,tt0091339,Kelly Ann Sabatasso
Killer Workout,tt0091339,Elizabeth Keeme
Killer Workout,tt0091339,Veronica Davis
Killer Workout,tt0091339,Sheila Howard
Killer Workout,tt0091339,Kris Hagerty
Killer Workout,tt0091339,Andrea Drever
Killer Workout,tt0091339,Monica Karlson
Killer Workout,tt0091339,Kathi Miller
Killer Workout,tt0091339,Lorain Joyner
Killer Workout,tt0091339,Lori E. Forsberg
Killer Workout,tt0091339,Kima Lindquist
Killer Workout,tt0091339,Eddie Swilling
Killer Workout,tt0091339,Richard Turner
Killer Workout,tt0091339,Krysia Javid
Killer Workout,tt0091339,Charles Venniro
Killer Workout,tt0091339,Patrick J. Statham
Killer Workout,tt0091339,Irene Korman
Killer Workout,tt0091339,Carol Maxwell
Killer Workout,tt0091339,Marilyn Pitzer
Killer Workout,tt0091339,Tracy Rowe
Killer Workout,tt0091339,Tamara
Killer Workout,tt0091339,Vikki Lynn Van der Woude
Killer Workout,tt0091339,Ellen Cole
Killer Workout,tt0091339,Gina Varela
Killer Workout,tt0091339,John Villani
Killer Workout,tt0091339,Renessa Wasserman
Killer Workout,tt0091339,Wes Montgomery
Killer Workout,tt0091339,Joseph Chandler
Killer Workout,tt0091339,James Steele
Killer Workout,tt0091339,Ronald Dais
The Russian Ninja,tt0100531,Frederick Offrein
The Russian Ninja,tt0100531,Helle Michaelsen
The Russian Ninja,tt0100531,Mats Huddén
The Russian Ninja,tt0100531,Timothy Earle
The Russian Ninja,tt0100531,Harley Melin
The Russian Ninja,tt0100531,Tina Ljung
The Russian Ninja,tt0100531,Ramon Sylvan
The Russian Ninja,tt0100531,Magnus Cederblad
The Russian Ninja,tt0100531,Gunilla Johansson
The Russian Ninja,tt0100531,Peo Jansson
The Russian Ninja,tt0100531,Taiho Alaskeri
The Russian Ninja,tt0100531,Kenneth Ström
The Russian Ninja,tt0100531,Eddie Swartz
The Russian Ninja,tt0100531,Louise Tomason
The Russian Ninja,tt0100531,Kitt Houen
The Russian Ninja,tt0100531,Taggen Axelsson
The Russian Ninja,tt0100531,Michael Christensen
The Russian Ninja,tt0100531,Karl-Johan Fröjd
The Russian Ninja,tt0100531,Johan Gillgren
The Russian Ninja,tt0100531,Tommy Malm
The Russian Ninja,tt0100531,Lars Olsson
The Russian Ninja,tt0100531,Bo Pelli
The Russian Ninja,tt0100531,Hampe Soneby
The Russian Ninja,tt0100531,Lars Soneby
The Russian Ninja,tt0100531,Per-Erik Österlund
New Year's Evil,tt0082806,Roz Kelly
New Year's Evil,tt0082806,Kip Niven
New Year's Evil,tt0082806,Chris Wallace
New Year's Evil,tt0082806,Grant Cramer
New Year's Evil,tt0082806,Louisa Moritz
New Year's Evil,tt0082806,Jed Mills
New Year's Evil,tt0082806,Taaffe O'Connell
New Year's Evil,tt0082806,Jon Greene
New Year's Evil,tt0082806,Anita Crane
New Year's Evil,tt0082806,Alicia Dhanifu
New Year's Evil,tt0082806,Wendy-Sue Rosloff
New Year's Evil,tt0082806,John London
New Year's Evil,tt0082806,John Alderman
New Year's Evil,tt0082806,Michael Frost
New Year's Evil,tt0082806,Teri Copley
New Year's Evil,tt0082806,Jennie Franks
The Star Wars Holiday Special,tt0193524,Harrison Ford
The Star Wars Holiday Special,tt0193524,Mark Hamill
The Star Wars Holiday Special,tt0193524,Anthony Daniels
The Star Wars Holiday Special,tt0193524,Carrie Fisher
The Star Wars Holiday Special,tt0193524,Peter Mayhew
The Star Wars Holiday Special,tt0193524,Bea Arthur
The Star Wars Holiday Special,tt0193524,James Earl Jones
The Star Wars Holiday Special,tt0193524,Art Carney
The Star Wars Holiday Special,tt0193524,Harvey Korman
The Star Wars Holiday Special,tt0193524,Diahann Carroll
The Star Wars Holiday Special,tt0193524,Marty Balin
The Star Wars Holiday Special,tt0193524,Craig Chaquico
The Star Wars Holiday Special,tt0193524,David Freiberg
The Star Wars Holiday Special,tt0193524,Paul Kantner
The Star Wars Holiday Special,tt0193524,Mickey Morton
The Star Wars Holiday Special,tt0193524,Paul Gale
The Star Wars Holiday Special,tt0193524,Patty Maloney
The Star Wars Holiday Special,tt0193524,Jack Rader
The Star Wars Holiday Special,tt0193524,Stephanie Stromer
The Star Wars Holiday Special,tt0193524,Michael Potter
The Star Wars Holiday Special,tt0193524,Wazzan Troupe
The Star Wars Holiday Special,tt0193524,Yûichi Sugiyama
The Star Wars Holiday Special,tt0193524,Claude Woolman
The Star Wars Holiday Special,tt0193524,Lev Mailer
The Star Wars Holiday Special,tt0193524,David Prowse
The Star Wars Holiday Special,tt0193524,Don Francks
The Star Wars Holiday Special,tt0193524,Alec Guinness
The Star Wars Holiday Special,tt0193524,Mary Ann Hay
The Star Wars Holiday Special,tt0193524,Linda Hoxit
Christmas Evil,tt0081793,Brandon Maggart
Christmas Evil,tt0081793,Jeffrey DeMunn
Christmas Evil,tt0081793,Dianne Hull
Christmas Evil,tt0081793,Andy Fenwick
Christmas Evil,tt0081793,Brian Neville
Christmas Evil,tt0081793,Joe Jamrog
Christmas Evil,tt0081793,Wally Moran
Christmas Evil,tt0081793,Gus Salud
Christmas Evil,tt0081793,Ellen McElduff
Christmas Evil,tt0081793,Brian Hartigan
Christmas Evil,tt0081793,Peter Neuman
Christmas Evil,tt0081793,Lance Holcomb
Christmas Evil,tt0081793,Elizabeth Ridge
Christmas Evil,tt0081793,Chris Browning
Christmas Evil,tt0081793,Tyrone Holmes
Christmas Evil,tt0081793,Patricia Richardson
Christmas Evil,tt0081793,Scott McKay
Christmas Evil,tt0081793,Peter Friedman
Christmas Evil,tt0081793,Owen Hollander
Christmas Evil,tt0081793,Horace Bailey
Christmas Evil,tt0081793,John Brockman
Christmas Evil,tt0081793,Burt Kleiner
Christmas Evil,tt0081793,David Hughes
Christmas Evil,tt0081793,Lloyd David Hart
Christmas Evil,tt0081793,Francine Dumont
Christmas Evil,tt0081793,Pamela Enz
Christmas Evil,tt0081793,William Robertson
Christmas Evil,tt0081793,Sheila Anderson
Christmas Evil,tt0081793,Robert Ari
Christmas Evil,tt0081793,Philip Casnoff
Christmas Evil,tt0081793,Michael Klingher
Christmas Evil,tt0081793,Mark Chamberlin
Christmas Evil,tt0081793,Colleen Zenk
Christmas Evil,tt0081793,Lisa Sloan
Christmas Evil,tt0081793,James Desmond
Christmas Evil,tt0081793,Mark Margolis
Christmas Evil,tt0081793,Jennifer Novtney
Christmas Evil,tt0081793,Audrey Matson
Christmas Evil,tt0081793,Danny Federici
Christmas Evil,tt0081793,Arthur Bressler
Christmas Evil,tt0081793,John Scarangella
Christmas Evil,tt0081793,Raymond J. Barry
Christmas Evil,tt0081793,Sam Gray
Christmas Evil,tt0081793,Robert Lesser
Christmas Evil,tt0081793,Will MacMillan
Christmas Evil,tt0081793,Bill Raymond
Christmas Evil,tt0081793,Joan Jonas
Christmas Evil,tt0081793,Nancy Clark
Christmas Evil,tt0081793,T. Wellington Perkins
Christmas Evil,tt0081793,Jim Gagan
Christmas Evil,tt0081793,Leib Lensky
Christmas Evil,tt0081793,James Gallagher
Christmas Evil,tt0081793,Hy Mencher
Christmas Evil,tt0081793,Michael Gordon
Christmas Evil,tt0081793,Stephen Mendillo
Christmas Evil,tt0081793,Rutanya Alda
Christmas Evil,tt0081793,Kerry Broderick
Christmas Evil,tt0081793,John Towey
Christmas Evil,tt0081793,Annette Kurek
Christmas Evil,tt0081793,Matthew Levine
Christmas Evil,tt0081793,Mariano Vitale
Christmas Evil,tt0081793,Carrie Steele
Christmas Evil,tt0081793,Sam Samilari
Little Hercules,tt0489210,Richard Sandrak
Little Hercules,tt0489210,Hulk Hogan
Little Hercules,tt0489210,Elliott Gould
Little Hercules,tt0489210,Diane Venora
Little Hercules,tt0489210,Robin Givens
Little Hercules,tt0489210,Brooke Hogan
Little Hercules,tt0489210,Paul Wight
Little Hercules,tt0489210,Judd Nelson
Little Hercules,tt0489210,John Heard
Little Hercules,tt0489210,Marc John Jefferies
Little Hercules,tt0489210,Linda Hogan
Little Hercules,tt0489210,Irlanda Almendarez
Little Hercules,tt0489210,Italia Almendárez
Little Hercules,tt0489210,Gabrielle Tuite
Little Hercules,tt0489210,Nick Hogan
Little Hercules,tt0489210,David Naughton
Little Hercules,tt0489210,2 Krayze
Little Hercules,tt0489210,Renán Almendariz Coello
Little Hercules,tt0489210,Matthew Martins-Mende
Little Hercules,tt0489210,Ryan Jin
Little Hercules,tt0489210,Daniel Lue
Little Hercules,tt0489210,Ross King
Little Hercules,tt0489210,Aydiee Vaughn
Little Hercules,tt0489210,Derek Wade
Little Hercules,tt0489210,Mohamed Khashoggi
Little Hercules,tt0489210,Billy Davis
Little Hercules,tt0489210,Bob Goodwin
Little Hercules,tt0489210,Chad Presnell
Little Hercules,tt0489210,Saul Huezo
Little Hercules,tt0489210,Seth D. Miller
Little Hercules,tt0489210,Anthony Pertesis
Little Hercules,tt0489210,Michael Dolen
Little Hercules,tt0489210,Jorge Del Toro
Little Hercules,tt0489210,Farris Patton
Little Hercules,tt0489210,Tammy Bellisle
Little Hercules,tt0489210,Kelsey McCann
Death Wish 3,tt0089003,Charles Bronson
Death Wish 3,tt0089003,Deborah Raffin
Death Wish 3,tt0089003,Ed Lauter
Death Wish 3,tt0089003,Martin Balsam
Death Wish 3,tt0089003,Gavan O'Herlihy
Death Wish 3,tt0089003,Kirk Taylor
Death Wish 3,tt0089003,Alex Winter
Death Wish 3,tt0089003,Tony Spiridakis
Death Wish 3,tt0089003,Ricco Ross
Death Wish 3,tt0089003,Tony Britts
Death Wish 3,tt0089003,David Crean
Death Wish 3,tt0089003,Nelson Fernandez
Death Wish 3,tt0089003,Alan Cooke
Death Wish 3,tt0089003,Bob Lee Dysinger
Death Wish 3,tt0089003,Topo Grajeda
Death Wish 3,tt0089003,Barbie Wilde
Death Wish 3,tt0089003,Ron Hayes
Death Wish 3,tt0089003,Jerry Phillips
Death Wish 3,tt0089003,Joe Gonzalez
Death Wish 3,tt0089003,Francis Drake
Death Wish 3,tt0089003,Leo Kharibian
Death Wish 3,tt0089003,Hana Maria Pravda
Death Wish 3,tt0089003,John Gabriel
Death Wish 3,tt0089003,Mildred Shay
Death Wish 3,tt0089003,Kenny Marino
Death Wish 3,tt0089003,Birdie M. Hale
Death Wish 3,tt0089003,Marina Sirtis
Death Wish 3,tt0089003,Hayward Morse
Death Wish 3,tt0089003,Ronald Fernee
Death Wish 3,tt0089003,Sandy Grizzle
Death Wish 3,tt0089003,Dinah May
Death Wish 3,tt0089003,Steffanie Pitt
Death Wish 3,tt0089003,Billy J. Mitchell
Death Wish 3,tt0089003,Lee Patterson
Death Wish 3,tt0089003,Olivia Ward
Death Wish 3,tt0089003,Manning Redwood
Death Wish 3,tt0089003,Joe Cirillo
Death Wish 3,tt0089003,Ralph Monaco
Death Wish 3,tt0089003,William Roberts
Death Wish 3,tt0089003,Mac McDonald
Death Wish 3,tt0089003,Sam Douglas
Death Wish 3,tt0089003,Ron Travis
Death Wish 3,tt0089003,Mark Stewart
Death Wish 3,tt0089003,Peter Banks
Death Wish 3,tt0089003,Tom Hunsinger
Death Wish 3,tt0089003,Nic D'Avirro
Death Wish 3,tt0089003,Sandra Dee Richardson
Death Wish 3,tt0089003,George Lane Cooper
Death Wish 3,tt0089003,David Daniel
Death Wish 3,tt0089003,Tim Dry
Death Wish 3,tt0089003,Frank Jakeman
Death Wish 3,tt0089003,Daniel Jordano
Death Wish 3,tt0089003,Derek Lyons
Death Wish 3,tt0089003,Vic Noto
Death Wish 3,tt0089003,Frank Patton
Death Wish 3,tt0089003,Jimmy Roger
Death Wish 3,tt0089003,Tip Tipping
Chopping Mall,tt0090837,Karrie Emerson
Chopping Mall,tt0090837,Julie Corman
Chopping Mall,tt0090837,Kelli Maroney
Chopping Mall,tt0090837,Toni Naples
Chopping Mall,tt0090837,Tony O'Dell
Chopping Mall,tt0090837,Barbara Crampton
Chopping Mall,tt0090837,Suzee Slater
Chopping Mall,tt0090837,Russell Todd
Chopping Mall,tt0090837,Paul Bartel
Chopping Mall,tt0090837,John Terlesky
Chopping Mall,tt0090837,Mary Woronov
Chopping Mall,tt0090837,Dick Miller
Chopping Mall,tt0090837,Angela Aames
Chopping Mall,tt0090837,Arthur Roberts
Chopping Mall,tt0090837,Nick Segal
Chopping Mall,tt0090837,Angus Scrimm
Chopping Mall,tt0090837,Ace Mask
Chopping Mall,tt0090837,Mel Welles
Chopping Mall,tt0090837,Lenny Juliano
Chopping Mall,tt0090837,David Del Valle
Chopping Mall,tt0090837,Paul Coufos
Chopping Mall,tt0090837,Gerrit Graham
Chopping Mall,tt0090837,Rodney Eastman
Savage Beach,tt0098257,Dona Speir
Savage Beach,tt0098257,Hope Marie Carlton
Savage Beach,tt0098257,John Aprea
Savage Beach,tt0098257,Bruce Penhall
Savage Beach,tt0098257,Rodrigo Obregón
Savage Beach,tt0098257,Michael Mikasa
Savage Beach,tt0098257,Michael J. Shane
Savage Beach,tt0098257,Dann Seki
Savage Beach,tt0098257,Al Leong
Savage Beach,tt0098257,Eric Chen
Savage Beach,tt0098257,Paul Cody
Savage Beach,tt0098257,Teri Weigel
Savage Beach,tt0098257,Lisa London
Savage Beach,tt0098257,Patty Duffek
Savage Beach,tt0098257,James Lew
Savage Beach,tt0098257,Roy Summersett
Savage Beach,tt0098257,Maxine Wasa
Savage Beach,tt0098257,Jim Brunner
Savage Beach,tt0098257,Gary Hertz
Savage Beach,tt0098257,David Hadder
Savage Beach,tt0098257,Andy Sidaris
Mad Foxes,tt0083291,José Gras
Mad Foxes,tt0083291,Laura Premika
Mad Foxes,tt0083291,Andrea Albani
Mad Foxes,tt0083291,Ana Roca
Mad Foxes,tt0083291,Eric Falk
Mad Foxes,tt0083291,Guillermo Balcázar
Mad Foxes,tt0083291,Helmi Sigg
Mad Foxes,tt0083291,Mary-Ann Vaughn
Mad Foxes,tt0083291,Peter John Saunders
Mad Foxes,tt0083291,Brian Billings
Mad Foxes,tt0083291,Hank Sutter
Mad Foxes,tt0083291,Garry Membrini
Mad Foxes,tt0083291,Irene Semmling
Mad Foxes,tt0083291,Paul Grau
Mad Foxes,tt0083291,Antonio Molino Rojo
Mad Foxes,tt0083291,Hans R. Walthard
Mad Foxes,tt0083291,Diana Miller
Mad Foxes,tt0083291,Esther Studer
Gymkata,tt0089243,Kurt Thomas
Gymkata,tt0089243,Tetchie Agbayani
Gymkata,tt0089243,Richard Norton
Gymkata,tt0089243,Edward Bell
Gymkata,tt0089243,John Barrett
Gymkata,tt0089243,Conan Lee
Gymkata,tt0089243,Bob Schott
Gymkata,tt0089243,Buck Kartalian
Gymkata,tt0089243,Eric Lawson
Gymkata,tt0089243,Sonny Barnes
Gymkata,tt0089243,Tadashi Yamashita
Gymkata,tt0089243,Sharan Lea
Gymkata,tt0089243,Zlatko Pokupec
Gymkata,tt0089243,Ivo Krištof
Gymkata,tt0089243,Slobodan Dimitrijević
Galaxy of Terror,tt0082431,Edward Albert
Galaxy of Terror,tt0082431,Erin Moran
Galaxy of Terror,tt0082431,Ray Walston
Galaxy of Terror,tt0082431,Bernard Behrens
Galaxy of Terror,tt0082431,Zalman King
Galaxy of Terror,tt0082431,Robert Englund
Galaxy of Terror,tt0082431,Taaffe O'Connell
Galaxy of Terror,tt0082431,Sid Haig
Galaxy of Terror,tt0082431,Grace Zabriskie
Galaxy of Terror,tt0082431,Jack Blessing
Galaxy of Terror,tt0082431,Mary Ellen O'Neill
Mac and Me,tt0095560,Jade Calegory
Mac and Me,tt0095560,Lauren Stanley
Mac and Me,tt0095560,Christine Ebersole
Mac and Me,tt0095560,Jonathan Ward
Mac and Me,tt0095560,Tina Caspary
Mac and Me,tt0095560,Vinnie Torrente
Mac and Me,tt0095560,Martin West
Mac and Me,tt0095560,Ivan J. Rado
Mac and Me,tt0095560,Danny Cooksey
Mac and Me,tt0095560,Laura Waterbury
Mac and Me,tt0095560,Squire Fridell
Mac and Me,tt0095560,George Buck Flower
Mac and Me,tt0095560,Jack David Walker
Mac and Me,tt0095560,Christopher Law
Mac and Me,tt0095560,Jennifer Aniston
Mac and Me,tt0095560,Nikki Cox
Mac and Me,tt0095560,Andrew Divoff
Sakura Killers,tt0093910,Chuck Connors
Sakura Killers,tt0093910,Mike Kelly
Sakura Killers,tt0093910,George Nicholas
Sakura Killers,tt0093910,Cara Casey
Sakura Killers,tt0093910,Manji Otsuki
The Punisher,tt0098141,Dolph Lundgren
The Punisher,tt0098141,Louis Gossett Jr.
The Punisher,tt0098141,Jeroen Krabbé
The Punisher,tt0098141,Kim Miyori
The Punisher,tt0098141,Bryan Marshall
The Punisher,tt0098141,Nancy Everhard
The Punisher,tt0098141,Barry Otto
The Punisher,tt0098141,Brian Rooney
The Punisher,tt0098141,Zoshka Mizak
The Punisher,tt0098141,Kenji Yamaki
The Punisher,tt0098141,Hirofumi Kanayama
The Punisher,tt0098141,Larry McCormick
The Punisher,tt0098141,Todd Boyce
The Punisher,tt0098141,Lani John Tupu
The Punisher,tt0098141,Gianfranco Negroponte
The Punisher,tt0098141,Christian Manon
The Punisher,tt0098141,Brooke Anderson
The Punisher,tt0098141,John Samaha
The Punisher,tt0098141,Donal Gibson
The Punisher,tt0098141,Ken Wayne
The Punisher,tt0098141,Roslyn Gentle
The Punisher,tt0098141,Aku Kadogo
The Punisher,tt0098141,Char Fontane
The Punisher,tt0098141,Richard Carter
The Punisher,tt0098141,May Lloyd
Battle Beyond the Stars,tt0080421,Richard Thomas
Battle Beyond the Stars,tt0080421,Robert Vaughn
Battle Beyond the Stars,tt0080421,John Saxon
Battle Beyond the Stars,tt0080421,George Peppard
Battle Beyond the Stars,tt0080421,Darlanne Fluegel
Battle Beyond the Stars,tt0080421,Sybil Danning
Battle Beyond the Stars,tt0080421,Sam Jaffe
Battle Beyond the Stars,tt0080421,Jeff Corey
Battle Beyond the Stars,tt0080421,Morgan Woodward
Battle Beyond the Stars,tt0080421,Marta Kristen
Battle Beyond the Stars,tt0080421,Julia Duffy
Battle Beyond the Stars,tt0080421,Earl Boen
Battle Beyond the Stars,tt0080421,John Gowans
Battle Beyond the Stars,tt0080421,Lynn Carlin
Battle Beyond the Stars,tt0080421,Lara Cody
Battle Beyond the Stars,tt0080421,Kathy Griffin
Battle Beyond the Stars,tt0080421,Lawrence Steven Meyers
The Night Stalker,tt0093621,Charles Napier
The Night Stalker,tt0093621,Michelle Reese
The Night Stalker,tt0093621,Katherine Kelly Lang
The Night Stalker,tt0093621,Robert Viharo
The Night Stalker,tt0093621,Joseph Gian
The Night Stalker,tt0093621,Robert Z'Dar
The Night Stalker,tt0093621,Gary Crosby
The Night Stalker,tt0093621,Diane Sommerfield
The Night Stalker,tt0093621,John F. Goff
The Night Stalker,tt0093621,Joan Chen
The Night Stalker,tt0093621,Marcia Karr
The Night Stalker,tt0093621,Ola Ray
The Night Stalker,tt0093621,Tally Chanel
The Night Stalker,tt0093621,Lydie Denier
The Night Stalker,tt0093621,George Buck Flower
Double Dragon,tt0106761,Mark Dacascos
Double Dragon,tt0106761,Scott Wolf
Double Dragon,tt0106761,Robert Patrick
Double Dragon,tt0106761,Kristina Wagner
Double Dragon,tt0106761,Julia Nickson
Double Dragon,tt0106761,Alyssa Milano
Double Dragon,tt0106761,Nils Allen Stewart
Double Dragon,tt0106761,Henry Kingi
Double Dragon,tt0106761,John Asher
Double Dragon,tt0106761,Al Leong
Double Dragon,tt0106761,Jeff Imada
Double Dragon,tt0106761,Michael Berryman
Double Dragon,tt0106761,Vanna White
Double Dragon,tt0106761,Andy Dick
Double Dragon,tt0106761,Vincent Klyn
Double Dragon,tt0106761,Roger Yuan
Double Dragon,tt0106761,Ron Yuan
Double Dragon,tt0106761,Leon Russom
Double Dragon,tt0106761,John T. Grantham
Double Dragon,tt0106761,Andy Dick
Double Dragon,tt0106761,Danny Wong
Double Dragon,tt0106761,Gary A. Jones
Double Dragon,tt0106761,Leo Lee
Double Dragon,tt0106761,Brian Imada
Shock 'Em Dead,tt0102910,Traci Lords
Shock 'Em Dead,tt0102910,Stephen Quadros
Shock 'Em Dead,tt0102910,Troy Donahue
Shock 'Em Dead,tt0102910,Aldo Ray
Shock 'Em Dead,tt0102910,Tim Moffett
Shock 'Em Dead,tt0102910,Karen Russell
Shock 'Em Dead,tt0102910,Markus Grupa
Shock 'Em Dead,tt0102910,Gina Parks
Shock 'Em Dead,tt0102910,Laurel Wiley
Shock 'Em Dead,tt0102910,Christopher Maleki
Shock 'Em Dead,tt0102910,David Homb
Shock 'Em Dead,tt0102910,Madison Monk
Shock 'Em Dead,tt0102910,Mark Richardson
Shock 'Em Dead,tt0102910,Suzanne Ager
Shock 'Em Dead,tt0102910,Jackie Moen
Shock 'Em Dead,tt0102910,Big John Studd
Undefeatable,tt0111552,Cynthia Rothrock
Undefeatable,tt0111552,Don Niam
Undefeatable,tt0111552,Donna Jason
Undefeatable,tt0111552,John Miller
Undefeatable,tt0111552,Sunny David
Undefeatable,tt0111552,Emille Davazac
Undefeatable,tt0111552,Robin Shou
Undefeatable,tt0111552,Hang Yip Yim
Undefeatable,tt0111552,Gerald Klein
Undefeatable,tt0111552,William Buckley
Undefeatable,tt0111552,Scott Shelton
Undefeatable,tt0111552,Shelton Lee
Undefeatable,tt0111552,Linn Thai
Undefeatable,tt0111552,Michael S. Walter
Undefeatable,tt0111552,Mike Sutton
Undefeatable,tt0111552,Richard Yuen
Undefeatable,tt0111552,Jackie Rutley
Undefeatable,tt0111552,John R. Ellis
Undefeatable,tt0111552,Angela Judy
W Is War,tt0220843,Anthony Alonzo
W Is War,tt0220843,Joonee Gamboa
W Is War,tt0220843,Paul Vance
W Is War,tt0220843,Alicia Alonzo
W Is War,tt0220843,Ann Marrie
W Is War,tt0220843,Ada Hubert
W Is War,tt0220843,Bing Davao
W Is War,tt0220843,John Montero
For Y'ur Height Only,tt0200642,Weng Weng
For Y'ur Height Only,tt0200642,Yehlen Catral
For Y'ur Height Only,tt0200642,Carmi Martin
For Y'ur Height Only,tt0200642,Anna Marie Gutierrez
For Y'ur Height Only,tt0200642,Beth Sandoval
For Y'ur Height Only,tt0200642,Tony Ferrer
For Y'ur Height Only,tt0200642,Rodolfo 'Boy' Garcia
Ninja Silent Assassin,tt0199865,Richard Harrison
Ninja Silent Assassin,tt0199865,Alphonse Beni
Ninja Silent Assassin,tt0199865,Grant Temple
Samurai Cop,tt0130236,Mathew Karedas
Samurai Cop,tt0130236,Mark Frazer
Samurai Cop,tt0130236,Cranston Komuro
Samurai Cop,tt0130236,Robert Z'Dar
Samurai Cop,tt0130236,Gerald Okamura
Samurai Cop,tt0130236,Melissa Moore
Samurai Cop,tt0130236,Joselito Rescober
Samurai Cop,tt0130236,Cameron Oppenheimer
Samurai Cop,tt0130236,Jannis Farley
Samurai Cop,tt0130236,Dale Cummings
Samurai Cop,tt0130236,Rick Garcia
Samurai Cop,tt0130236,Jimmy Williams
Samurai Cop,tt0130236,Warren Stevens
Double Trouble,tt0061595,Elvis Presley
Double Trouble,tt0061595,Annette Day
Double Trouble,tt0061595,John Williams
Double Trouble,tt0061595,Yvonne Romain
Double Trouble,tt0061595,The Wiere Brothers
Double Trouble,tt0061595,Chips Rafferty
Double Trouble,tt0061595,Norman Rossington
Double Trouble,tt0061595,Monte Landis
Double Trouble,tt0061595,Michael Murphy
Double Trouble,tt0061595,Leon Askin
Double Trouble,tt0061595,John Alderson
Double Trouble,tt0061595,Stanley Adams
Double Trouble,tt0061595,Maurice Marsac
Double Trouble,tt0061595,Walter Burke
Double Trouble,tt0061595,Helene Winston
Rappin',tt0089883,Mario Van Peebles
Rappin',tt0089883,Eriq La Salle
Rappin',tt0089883,Melvin Plowden
Rappin',tt0089883,Richie Abanes
Rappin',tt0089883,Kadeem Hardison
Rappin',tt0089883,Ice-T
Rappin',tt0089883,Leo O'Brien
Rappin',tt0089883,Charles Grant
Rappin',tt0089883,Rony Clanton
Rappin',tt0089883,Ruth Jaroslow
Rappin',tt0089883,Anthony Bishop
Rappin',tt0089883,Fredric Mao
Rappin',tt0089883,Rutanya Alda
Rappin',tt0089883,Eyde Byrde
Rappin',tt0089883,Tasia Valenza
Rappin',tt0089883,Don Brockett
The Perfect Weapon,tt0102655,Jeff Speakman
The Perfect Weapon,tt0102655,John Dye
The Perfect Weapon,tt0102655,Mako
The Perfect Weapon,tt0102655,James Hong
The Perfect Weapon,tt0102655,Mariska Hargitay
The Perfect Weapon,tt0102655,Dante Basco
The Perfect Weapon,tt0102655,Beau Starr
The Perfect Weapon,tt0102655,Seth Sakai
The Perfect Weapon,tt0102655,Professor Toru Tanaka
The Perfect Weapon,tt0102655,Clyde Kusatsu
The Perfect Weapon,tt0102655,Cary-Hiroyuki Tagawa
The Perfect Weapon,tt0102655,Craig Ng
The Perfect Weapon,tt0102655,John Koyama
The Perfect Weapon,tt0102655,Roger Yuan
The Perfect Weapon,tt0102655,Shaun Shimoda
The Perfect Weapon,tt0102655,Yoshimi Imai
The Perfect Weapon,tt0102655,Ralph Ahn
The Perfect Weapon,tt0102655,Troy Fromin
The Perfect Weapon,tt0102655,Leland Sun
The Perfect Weapon,tt0102655,James Lew
The Perfect Weapon,tt0102655,Ray Sua
The Perfect Weapon,tt0102655,Leo Lee
The Perfect Weapon,tt0102655,Chris Tashima
The Perfect Weapon,tt0102655,Bill Saito
The Perfect Weapon,tt0102655,Al Leong
The Perfect Weapon,tt0102655,Branscombe Richmond
The Perfect Weapon,tt0102655,Jeff Imada
The Perfect Weapon,tt0102655,Carl Ciarfalio
The Perfect Weapon,tt0102655,Philip Tan
The Perfect Weapon,tt0102655,Thomas Rosales Jr.
The Perfect Weapon,tt0102655,Gary Price
The Perfect Weapon,tt0102655,Al Goto
The Perfect Weapon,tt0102655,Will Leong
Deadly Prey,tt0092848,Ted Prior
Deadly Prey,tt0092848,Troy Donahue
Deadly Prey,tt0092848,David James Campbell
Deadly Prey,tt0092848,Fritz Matthews
Deadly Prey,tt0092848,Dawn Abraham
Deadly Prey,tt0092848,Suzanne Tara
Deadly Prey,tt0092848,William Zipp
Deadly Prey,tt0092848,Thomas Baldwin
Deadly Prey,tt0092848,Leo Weltman
Deadly Prey,tt0092848,Timothy Elwell
Deadly Prey,tt0092848,Brian O'Connor
Deadly Prey,tt0092848,Sean Holton
Deadly Prey,tt0092848,Darrel Guilbeau
Deadly Prey,tt0092848,Cameron Mitchell
The Rage,tt0117433,Lorenzo Lamas
The Rage,tt0117433,Kristen Cloke
The Rage,tt0117433,Gary Busey
The Rage,tt0117433,Roy Scheider
The Rage,tt0117433,Jenny McShane
The Rage,tt0117433,Ashlee Nicole
The Rage,tt0117433,Terra Allen
The Rage,tt0117433,Shannon Lavender
The Rage,tt0117433,Tiani Warden
The Rage,tt0117433,Brandon Smith
The Rage,tt0117433,Dell Yount
The Rage,tt0117433,David Carradine
The Rage,tt0117433,David Jensen
The Rage,tt0117433,Russ McGinn
The Rage,tt0117433,Dick Kyker
The Rage,tt0117433,Jeff Doucette
The Rage,tt0117433,Mark G. Allen
The Rage,tt0117433,Jim Platt
The Rage,tt0117433,Gary Gingold
The Rage,tt0117433,James Woodson
The Rage,tt0117433,Kaye Wade
The Rage,tt0117433,Richard Mitchell
The Rage,tt0117433,Amendoa Lizzbeth Tamburri
The Rage,tt0117433,Deborah Frazier
Warbirds,tt0096417,James Eldert
Warbirds,tt0096417,Cully Holland
Warbirds,tt0096417,Bill Brinsfield
Warbirds,tt0096417,Rick Anthony Munroe
Warbirds,tt0096417,Stephen Quadros
Starcrash,tt0079946,Marjoe Gortner
Starcrash,tt0079946,Caroline Munro
Starcrash,tt0079946,Christopher Plummer
Starcrash,tt0079946,David Hasselhoff
Starcrash,tt0079946,Robert Tessier
Starcrash,tt0079946,Joe Spinell
Starcrash,tt0079946,Nadia Cassini
Starcrash,tt0079946,Judd Hamilton
Starcrash,tt0079946,Dirce Funari
Starcrash,tt0079946,Cindy Leadbetter
Starcrash,tt0079946,Salvatore Baccaro
Starcrash,tt0079946,Omero Capanna
Starcrash,tt0079946,Donald Hodson
Starcrash,tt0079946,Hamilton Camp
Arena,tt0101366,Paul Satterfield
Arena,tt0101366,Hamilton Camp
Arena,tt0101366,Claudia Christian
Arena,tt0101366,Marc Alaimo
Arena,tt0101366,Shari Shattuck
Arena,tt0101366,Armin Shimerman
Arena,tt0101366,Brett Porter
Arena,tt0101366,Charles Tabansi
Arena,tt0101366,Michael Deak
Arena,tt0101366,Jack Carter
Arena,tt0101366,William Butler
Arena,tt0101366,Grady Clarkson
Arena,tt0101366,Dave Thompson
Arena,tt0101366,Ken Clark
Arena,tt0101366,Diana Rose
Arena,tt0101366,Cliff Lance
Arena,tt0101366,Wayne Brewer
Arena,tt0101366,George Masselli
Arena,tt0101366,August L. Lohuaru
Arena,tt0101366,Steve Wang
Future Kick,tt0101931,Don Wilson
Future Kick,tt0101931,Meg Foster
Future Kick,tt0101931,Chris Penn
Future Kick,tt0101931,Eb Lottimer
Future Kick,tt0101931,Al Ruscio
Future Kick,tt0101931,Jeff Pomerantz
Future Kick,tt0101931,Linda Dona
Future Kick,tt0101931,Shawn Phillips
Future Kick,tt0101931,Dana Lee
Future Kick,tt0101931,Debbie James
Future Kick,tt0101931,Maria Ford
Future Kick,tt0101931,Rodger Halston
Future Kick,tt0101931,Beach Dickerson
Future Kick,tt0101931,Ryan MacDonald
Future Kick,tt0101931,Hayden Conner
Future Kick,tt0101931,Joe Mays
Future Kick,tt0101931,William Utay
Future Kick,tt0101931,Fred Scott
Future Kick,tt0101931,Brenda Bolte
Future Kick,tt0101931,Caroline Cornell
Future Kick,tt0101931,Loyda Ramos
Future Kick,tt0101931,Leslie Drews
Future Kick,tt0101931,Jeff Langton
Future Kick,tt0101931,Brian Gregory
Future Kick,tt0101931,William Widmaier
Future Kick,tt0101931,Ellen Statham
Future Kick,tt0101931,Greg Robbins
Galaxina,tt0080771,Dorothy Stratten
Galaxina,tt0080771,Stephen Macht
Galaxina,tt0080771,Avery Schreiber
Galaxina,tt0080771,Lionel Mark Smith
Galaxina,tt0080771,J.D. Hinton
Galaxina,tt0080771,Tad Horino
Galaxina,tt0080771,Ronald Knight
Galaxina,tt0080771,Percy Rodriguez
Galaxina,tt0080771,Angelo Rossitto
Galaxina,tt0080771,Susan Kiger
Galaxina,tt0080771,Marilyn Joi
Galaxina,tt0080771,Rhonda Shear
Galaxina,tt0080771,Hugh Warden
Galaxina,tt0080771,Herb Kaplowitz
Galaxina,tt0080771,Stephen Morrell
Galaxina,tt0080771,Angelo Rossitto
Galaxina,tt0080771,Nancy Macauley
Galaxina,tt0080771,Fred D. Scott
Galaxina,tt0080771,David A. Cox
Galaxina,tt0080771,Pete Schrum
Galaxina,tt0080771,Bartine Zane
Galaxina,tt0080771,Heather O'Connell
Galaxina,tt0080771,George Mather
Galaxina,tt0080771,Frank Ferro
Galaxina,tt0080771,Jacqueline Jacobs
Star Slammer,tt0087945,Sandy Brooke
Star Slammer,tt0087945,Susan Stokey
Star Slammer,tt0087945,Ross Hagen
Star Slammer,tt0087945,Marya Gant
Star Slammer,tt0087945,Aldo Ray
Star Slammer,tt0087945,Dawn Wildsmith
Star Slammer,tt0087945,Richard Hench
Star Slammer,tt0087945,Michael Sonye
Star Slammer,tt0087945,Lindy Skyles
Star Slammer,tt0087945,Bobbie Bresee
Star Slammer,tt0087945,Danita Aljuwani
Star Slammer,tt0087945,Dori Renee Crofts
Star Slammer,tt0087945,Liat Mathias
Star Slammer,tt0087945,Mimi Monaco
Star Slammer,tt0087945,Vivian Schilling
Star Slammer,tt0087945,Karen Stanton
Star Slammer,tt0087945,Gwen Perlman
Star Slammer,tt0087945,Jade Barrett
Star Slammer,tt0087945,Johnny Legend
Star Slammer,tt0087945,Christopher Ray
Star Slammer,tt0087945,John Carradine
Star Slammer,tt0087945,Lee Forbes
Star Slammer,tt0087945,Jerome L. Dennae
Star Slammer,tt0087945,Sandra Church
Star Slammer,tt0087945,Joseph A. Lepera
Star Slammer,tt0087945,Robert Tinnell
Star Slammer,tt0087945,Stephen Carter
Star Slammer,tt0087945,Bob Ivy
Star Slammer,tt0087945,Eric Caidin
Star Slammer,tt0087945,Jimmy Skakel
Star Slammer,tt0087945,Martin Nicholas
Star Slammer,tt0087945,Frank Bresee
Star Slammer,tt0087945,Jack H. Harris
Star Slammer,tt0087945,Fred Olen Ray
Jack Frost,tt0116671,Scott MacDonald
Jack Frost,tt0116671,Shannon Elizabeth
Jack Frost,tt0116671,Christopher Allport
Jack Frost,tt0116671,Stephen Mendel
Jack Frost,tt0116671,F. William Parker
Jack Frost,tt0116671,Brian Leckner
Jack Frost,tt0116671,Kelly Jean Peters
Jack Frost,tt0116671,Rob LaBelle
Jack Frost,tt0116671,Eileen Seeley
Jack Frost,tt0116671,Zack Eginton
Jack Frost,tt0116671,Jack Lindine
Jack Frost,tt0116671,Marsha Clark
Jack Frost,tt0116671,Chip Heller
Jack Frost,tt0116671,Darren Campbell
Jack Frost,tt0116671,Paul Keith
Jack Frost,tt0116671,Charles C. Stevenson Jr.
Jack Frost,tt0116671,Nathanyael Grey
Jack Frost,tt0116671,Todd Conner
Jack Frost,tt0116671,Richard Whiten
Jack Frost,tt0116671,Harley Zumbrum
Jack Frost,tt0116671,Kurt Bryant
Jack Frost,tt0116671,Brett Boydstun
Santa with Muscles,tt0117550,Hulk Hogan
Santa with Muscles,tt0117550,Mila Kunis
Santa with Muscles,tt0117550,Don Stark
Santa with Muscles,tt0117550,Robin Curtis
Santa with Muscles,tt0117550,Garrett Morris
Santa with Muscles,tt0117550,Aria Noelle Curzon
Santa with Muscles,tt0117550,Adam Wylie
Santa with Muscles,tt0117550,Jennifer Paz
Santa with Muscles,tt0117550,Clint Howard
Santa with Muscles,tt0117550,Ed Begley Jr.
Santa with Muscles,tt0117550,Brian J. Williams
Santa with Muscles,tt0117550,Troy Robinson
Santa with Muscles,tt0117550,Brenda Song
Elves,tt0099496,Dan Haggerty
Elves,tt0099496,Julie Austin
Elves,tt0099496,Deanna Lund
Elves,tt0099496,Borah Silver
Elves,tt0099496,Mansell Rivers-Bland
Elves,tt0099496,Christopher Graham
Elves,tt0099496,Laura Lichstein
Elves,tt0099496,Stacey Dye
Elves,tt0099496,Winter Monk
Elves,tt0099496,Jeff Austin
Elves,tt0099496,Allen Lee
Elves,tt0099496,Paul Rohrer
Elves,tt0099496,Ken Carpenter
Elves,tt0099496,Michael Tatlock
Elves,tt0099496,Michael Herst
Elves,tt0099496,Chris Hamner
Elves,tt0099496,D.L. Walker
Neon Maniacs,tt0127045,Clyde Hayes
Neon Maniacs,tt0127045,Leilani Sarelle
Neon Maniacs,tt0127045,Donna Locke
Neon Maniacs,tt0127045,Andrew Divoff
Neon Maniacs,tt0127045,Marta Kober
Neon Maniacs,tt0127045,Trish Doolan
Neon Maniacs,tt0127045,Victor Brandt
Neon Maniacs,tt0127045,David Muir
Neon Maniacs,tt0127045,P.R. Paul
Neon Maniacs,tt0127045,Jeff Tyler
Neon Maniacs,tt0127045,Amber Denyse Austin
Neon Maniacs,tt0127045,James Acheson
Neon Maniacs,tt0127045,Chuck Hemingway
Neon Maniacs,tt0127045,Bo Sabato
Neon Maniacs,tt0127045,Jessie Lawrence Ferguson
Neon Maniacs,tt0127045,Barry Buchanan
Dark Night of the Scarecrow,tt0082235,Charles Durning
Dark Night of the Scarecrow,tt0082235,Larry Drake
Dark Night of the Scarecrow,tt0082235,Robert F. Lyons
Dark Night of the Scarecrow,tt0082235,Claude Earl Jones
Dark Night of the Scarecrow,tt0082235,Lane Smith
Dark Night of the Scarecrow,tt0082235,Tonya Crowe
Dark Night of the Scarecrow,tt0082235,Jocelyn Brando
Dark Night of the Scarecrow,tt0082235,Tom Taylor
Dark Night of the Scarecrow,tt0082235,Richard McKenzie
Dark Night of the Scarecrow,tt0082235,Ivy Jones
Dark Night of the Scarecrow,tt0082235,James Tartan
Dark Night of the Scarecrow,tt0082235,Ed Call
Dark Night of the Scarecrow,tt0082235,Alice Nunn
Dark Night of the Scarecrow,tt0082235,John Steadman
Dark Night of the Scarecrow,tt0082235,Dave Adams
Dark Night of the Scarecrow,tt0082235,Ivy Bethune
Dark Night of the Scarecrow,tt0082235,Dennis Robertson
Dark Night of the Scarecrow,tt0082235,Jetta Scelza
Dark Night of the Scarecrow,tt0082235,Modi Frank
Dark Night of the Scarecrow,tt0082235,Robert J. Koster
Prom Night,tt0081383,Leslie Nielsen
Prom Night,tt0081383,Jamie Lee Curtis
Prom Night,tt0081383,Casey Stevens
Prom Night,tt0081383,Anne-Marie Martin
Prom Night,tt0081383,Antoinette Bower
Prom Night,tt0081383,Michael Tough
Prom Night,tt0081383,Robert A. Silverman
Prom Night,tt0081383,Pita Oliver
Prom Night,tt0081383,David Mucci
Prom Night,tt0081383,Jeff Wincott
Prom Night,tt0081383,Mary Beth Rubens
Prom Night,tt0081383,George Touliatos
Prom Night,tt0081383,Joy Thompson
Prom Night,tt0081383,David Bolt
Prom Night,tt0081383,Brock Simpson
Prom Night,tt0081383,Melanie Morse MacQuarrie
Prom Night,tt0081383,David Gardner
Prom Night,tt0081383,Sheldon Rybowski
Prom Night,tt0081383,Rob Garrison
Prom Night,tt0081383,Beth Amos
Prom Night,tt0081383,Sonia Zimmer
Prom Night,tt0081383,Sylvia Martin
Prom Night,tt0081383,Elizabeth M. Mason
Prom Night,tt0081383,Pam Henry
Prom Night,tt0081383,Ardon Bess
Prom Night,tt0081383,Lee Wildgen
Prom Night,tt0081383,Leslie Scott
Prom Night,tt0081383,Tammy Bourne
Prom Night,tt0081383,Dean Bosacki
Prom Night,tt0081383,Debbie Greenfield
Prom Night,tt0081383,Karen Forbes
Prom Night,tt0081383,Joyce Kite
Cheerleader Camp,tt0092744,Betsy Russell
Cheerleader Camp,tt0092744,Leif Garrett
Cheerleader Camp,tt0092744,Lucinda Dickey
Cheerleader Camp,tt0092744,Lorie Griffin
Cheerleader Camp,tt0092744,George Buck Flower
Cheerleader Camp,tt0092744,Teri Weigel
Cheerleader Camp,tt0092744,Rebecca Ferratti
Cheerleader Camp,tt0092744,Travis McKenna
Cheerleader Camp,tt0092744,Vickie Benson
Cheerleader Camp,tt0092744,Jeff Prettyman
Cheerleader Camp,tt0092744,Krista Pflanzer
Cheerleader Camp,tt0092744,Craig Piligian
Cheerleader Camp,tt0092744,William Johnson
Tuff Turf,tt0090213,James Spader
Tuff Turf,tt0090213,Kim Richards
Tuff Turf,tt0090213,Paul Mones
Tuff Turf,tt0090213,Matt Clark
Tuff Turf,tt0090213,Claudette Nevins
Tuff Turf,tt0090213,Olivia Barash
Tuff Turf,tt0090213,Robert Downey Jr.
Tuff Turf,tt0090213,Panchito Gómez
Tuff Turf,tt0090213,Michael Wyle
Tuff Turf,tt0090213,Catya Sassoon
Tuff Turf,tt0090213,Francis X. McCarthy
Tuff Turf,tt0090213,Art Evans
Tuff Turf,tt0090213,Herb Mitchell
Tuff Turf,tt0090213,Ceil Cabot
Tuff Turf,tt0090213,Donald Fullilove
Tuff Turf,tt0090213,Vivian Brown
Tuff Turf,tt0090213,Bill Beyers
Tuff Turf,tt0090213,Jered Barclay
Tuff Turf,tt0090213,Lou Fant
Tuff Turf,tt0090213,Gene Pietragallo
Tuff Turf,tt0090213,Donna Fuller
Tuff Turf,tt0090213,Evonne Kezios
Tuff Turf,tt0090213,Cheryl Ann Clark
Tuff Turf,tt0090213,Matt Gavin
Tuff Turf,tt0090213,Chad McCann
Tuff Turf,tt0090213,William Bergman
Tuff Turf,tt0090213,John Berry Jr.
Tuff Turf,tt0090213,Rick Braun
Tuff Turf,tt0090213,Mark Campbell
Tuff Turf,tt0090213,James R. Coile
Tuff Turf,tt0090213,Peter Freiberger
Tuff Turf,tt0090213,Andrew Kastner
Tuff Turf,tt0090213,Jack Mack
Tuff Turf,tt0090213,John Paruolo
Tuff Turf,tt0090213,Greg Smith
Tuff Turf,tt0090213,Dale Gonyea
Tuff Turf,tt0090213,Randy Lowell
Tuff Turf,tt0090213,Jon Ewen
Tuff Turf,tt0090213,Tom McShane
Tuff Turf,tt0090213,Wes Moczulski
Tuff Turf,tt0090213,Ray Zimmerman
Tuff Turf,tt0090213,Jim Carroll
Tuff Turf,tt0090213,Eric Kiertzner
Tuff Turf,tt0090213,Mike Lea
Tuff Turf,tt0090213,Tom Sims
Class of Nuke 'Em High,tt0090849,Janelle Brady
Class of Nuke 'Em High,tt0090849,Gil Brenton
Class of Nuke 'Em High,tt0090849,Robert Prichard
Class of Nuke 'Em High,tt0090849,Pat Ryan
Class of Nuke 'Em High,tt0090849,James Nugent Vernon
Class of Nuke 'Em High,tt0090849,Brad Dunker
Class of Nuke 'Em High,tt0090849,Gary Schneider
Class of Nuke 'Em High,tt0090849,Gary Rosenblatt
Class of Nuke 'Em High,tt0090849,Mary Taylor
Class of Nuke 'Em High,tt0090849,Rick Howard
Class of Nuke 'Em High,tt0090849,Lauren Heather McMahon
Class of Nuke 'Em High,tt0090849,Chris McNamee
Class of Nuke 'Em High,tt0090849,Anthony Ventola
Class of Nuke 'Em High,tt0090849,Arthur Lorenz
Class of Nuke 'Em High,tt0090849,Jennifer Prichard
Class of Nuke 'Em High,tt0090849,Dianna Flaherty
Class of Nuke 'Em High,tt0090849,Don Costello
Class of Nuke 'Em High,tt0090849,Rick Collins
Class of Nuke 'Em High,tt0090849,Richard W. Haines
Class of Nuke 'Em High,tt0090849,Elizabeth Lambert
Class of Nuke 'Em High,tt0090849,Michael Herz
Class of Nuke 'Em High,tt0090849,Théo Cohan
Class of Nuke 'Em High,tt0090849,Donna Nardo
Class of Nuke 'Em High,tt0090849,Lerae Dean
Class of 1984,tt0083739,Perry King
Class of 1984,tt0083739,Timothy Van Patten
Class of 1984,tt0083739,Roddy McDowall
Class of 1984,tt0083739,Michael J. Fox
Class of 1984,tt0083739,Merrie Lynn Ross
Class of 1984,tt0083739,Stefan Arngrim
Class of 1984,tt0083739,Keith Knight
Class of 1984,tt0083739,Lisa Langlois
Class of 1984,tt0083739,Neil Clifford
Class of 1984,tt0083739,Al Waxman
Class of 1984,tt0083739,Erin Noble
Class of 1984,tt0083739,David Gardner
Class of 1984,tt0083739,Steve Pernie
Class of 1984,tt0083739,Robert Reece
Class of 1984,tt0083739,Joseph Kelly
Class of 1984,tt0083739,Elva Mai Hoover
Class of 1984,tt0083739,Vincent Abbatino
Class of 1984,tt0083739,Evan Green
Class of 1984,tt0083739,Linda Sorensen
Class of 1984,tt0083739,Claude Rae
Class of 1984,tt0083739,Jack Lea
Class of 1984,tt0083739,Tracy Kinsella
Class of 1984,tt0083739,Helena Quinton
Class of 1984,tt0083739,Roy T. Anderson
Class of 1984,tt0083739,Michelle Kolman
Class of 1984,tt0083739,Darlene Burlie
Class of 1984,tt0083739,Don Buchsbaum
Exterminators of the Year 3000,tt0085514,Robert Iannucci
Exterminators of the Year 3000,tt0085514,Alicia Moro
Exterminators of the Year 3000,tt0085514,Luciano Pigozzi
Exterminators of the Year 3000,tt0085514,Eduardo Fajardo
Exterminators of the Year 3000,tt0085514,Fernando Bilbao
Exterminators of the Year 3000,tt0085514,Beryl Cunningham
Exterminators of the Year 3000,tt0085514,Luca Venantini
Exterminators of the Year 3000,tt0085514,Anna Orso
Exterminators of the Year 3000,tt0085514,Venantino Venantini
Exterminators of the Year 3000,tt0085514,Sergio Mioni
Exterminators of the Year 3000,tt0085514,Román Ariznavarreta
Exterminators of the Year 3000,tt0085514,José Luis Chinchilla
Exterminators of the Year 3000,tt0085514,Garcia Monserrat
Exterminators of the Year 3000,tt0085514,Riccardo Mioni
Exterminators of the Year 3000,tt0085514,Franco Maria Salamon
Exterminators of the Year 3000,tt0085514,Alfonso Giganti
Exterminators of the Year 3000,tt0085514,Goffredo Unger
Exterminators of the Year 3000,tt0085514,Virgilio Daddi
Exterminators of the Year 3000,tt0085514,Maurizio Streccioni
Exterminators of the Year 3000,tt0085514,Ettore Martini
Exterminators of the Year 3000,tt0085514,Stefania Possamai
1990: The Bronx Warriors,tt0085124,Vic Morrow
1990: The Bronx Warriors,tt0085124,Christopher Connelly
1990: The Bronx Warriors,tt0085124,Fred Williamson
1990: The Bronx Warriors,tt0085124,Mark Gregory
1990: The Bronx Warriors,tt0085124,Stefania Girolami Goodwin
1990: The Bronx Warriors,tt0085124,Ennio Girolami
1990: The Bronx Warriors,tt0085124,George Eastman
1990: The Bronx Warriors,tt0085124,Joshua Sinclair
1990: The Bronx Warriors,tt0085124,Betty Dessy
1990: The Bronx Warriors,tt0085124,Rocco Lerro
1990: The Bronx Warriors,tt0085124,Massimo Vanni
1990: The Bronx Warriors,tt0085124,Angelo Ragusa
1990: The Bronx Warriors,tt0085124,Enzo G. Castellari
1990: The Bronx Warriors,tt0085124,Sandy Alexander
1990: The Bronx Warriors,tt0085124,Giovanni Bonadonna
1990: The Bronx Warriors,tt0085124,Carla Brait
1990: The Bronx Warriors,tt0085124,Bert Kittel
1990: The Bronx Warriors,tt0085124,Philip Kramer
1990: The Bronx Warriors,tt0085124,John LoFranco
1990: The Bronx Warriors,tt0085124,Brendan Manning
1990: The Bronx Warriors,tt0085124,Michelle Maren
1990: The Bronx Warriors,tt0085124,Antone Pagán
1990: The Bronx Warriors,tt0085124,Don Picard
1990: The Bronx Warriors,tt0085124,Howie Weisbrod
1990: The Bronx Warriors,tt0085124,Chuck Zito
Endgame,tt0089091,Al Cliver
Endgame,tt0089091,Laura Gemser
Endgame,tt0089091,George Eastman
Endgame,tt0089091,Gabriele Tinti
Endgame,tt0089091,Gordon Mitchell
Endgame,tt0089091,Dino Conti
Endgame,tt0089091,Bobby Rhodes
Endgame,tt0089091,Nello Pazzafini
Endgame,tt0089091,Hal Yamanouchi
Endgame,tt0089091,Alberto Dell'Acqua
Endgame,tt0089091,Franco Ukmar
Endgame,tt0089091,Mario Pedone
Endgame,tt0089091,Pietro Ceccarelli
Endgame,tt0089091,Carlos Alberto Valles
Endgame,tt0089091,Gennarino Pappagalli
Endgame,tt0089091,Christopher Walsh
Endgame,tt0089091,Richard Novák
Endgame,tt0089091,Michele Soavi
Endgame,tt0089091,Joe D'Amato
2019: After the Fall of New York,tt0085125,Michael Sopkiw
2019: After the Fall of New York,tt0085125,Valentine Monnier
2019: After the Fall of New York,tt0085125,Anna Kanakis
2019: After the Fall of New York,tt0085125,George Eastman
2019: After the Fall of New York,tt0085125,Romano Puppo
2019: After the Fall of New York,tt0085125,Paolo Maria Scalondro
2019: After the Fall of New York,tt0085125,Luigi D'Ecclesia
2019: After the Fall of New York,tt0085125,Edmund Purdom
2019: After the Fall of New York,tt0085125,Serge Feuillard
2019: After the Fall of New York,tt0085125,Hal Yamanouchi
2019: After the Fall of New York,tt0085125,Jacques Stany
2019: After the Fall of New York,tt0085125,Tony Askin
2019: After the Fall of New York,tt0085125,Tiziana Fibi
2019: After the Fall of New York,tt0085125,Alessandra Tani
2019: After the Fall of New York,tt0085125,Siriana Hernandez
2019: After the Fall of New York,tt0085125,Franco Mazzieri
2019: After the Fall of New York,tt0085125,Omero Capanna
2019: After the Fall of New York,tt0085125,Domenico Cianfriglia
2019: After the Fall of New York,tt0085125,Giovanni Cianfriglia
2019: After the Fall of New York,tt0085125,Fabrizio Corallo
2019: After the Fall of New York,tt0085125,Catharina Dahlin
2019: After the Fall of New York,tt0085125,Ottaviano Dell'Acqua
2019: After the Fall of New York,tt0085125,Raniero Dorascenzi
2019: After the Fall of New York,tt0085125,Gilberto Galimberti
2019: After the Fall of New York,tt0085125,Nando Gazzolo
2019: After the Fall of New York,tt0085125,Angelo Ragusa
2019: After the Fall of New York,tt0085125,Bruno Romagnoli
2019: After the Fall of New York,tt0085125,James Sampson
2019: After the Fall of New York,tt0085125,Sergio Testori
2019: After the Fall of New York,tt0085125,Sergio Ukmar
2019: After the Fall of New York,tt0085125,Goffredo Unger
Equalizer 2000,tt0091012,Richard Norton
Equalizer 2000,tt0091012,Corinne Wahl
Equalizer 2000,tt0091012,Robert Patrick
Equalizer 2000,tt0091012,William Steis
Equalizer 2000,tt0091012,Rex Cutter
Equalizer 2000,tt0091012,Henry Strzalkowski
Equalizer 2000,tt0091012,Don Gordon Bell
Equalizer 2000,tt0091012,Frederick Bailey
Equalizer 2000,tt0091012,Peter Shilton
Equalizer 2000,tt0091012,Vic Diaz
Equalizer 2000,tt0091012,Bobby Greenwood
Equalizer 2000,tt0091012,Ramon D'Salva
Equalizer 2000,tt0091012,Bill Kipp
Equalizer 2000,tt0091012,Steve Cook
Equalizer 2000,tt0091012,Willy Schober
Hands of Steel,tt0091166,Daniel Greene
Hands of Steel,tt0091166,Janet Ågren
Hands of Steel,tt0091166,Claudio Cassinelli
Hands of Steel,tt0091166,George Eastman
Hands of Steel,tt0091166,Roberto Bisacco
Hands of Steel,tt0091166,Pat Monti
Hands of Steel,tt0091166,John Saxon
Hands of Steel,tt0091166,Andrea Coppola
Hands of Steel,tt0091166,Donald O'Brien
Hands of Steel,tt0091166,Frank Walden
Hands of Steel,tt0091166,Darwyn Swalve
Hands of Steel,tt0091166,Amy Werba
Hands of Steel,tt0091166,Sergio Testori
Hands of Steel,tt0091166,Franco Fantasia
Hands of Steel,tt0091166,Alex Vitale
Hands of Steel,tt0091166,Bruno Bilotta
Hands of Steel,tt0091166,Dean Ricca
Hands of Steel,tt0091166,Omero Capanna
Bloodsport,tt0092675,Jean-Claude Van Damme
Bloodsport,tt0092675,Bolo Yeung
Bloodsport,tt0092675,Donald Gibb
Bloodsport,tt0092675,Leah Ayres
Bloodsport,tt0092675,Norman Burton
Bloodsport,tt0092675,Forest Whitaker
Bloodsport,tt0092675,Roy Chiao
Bloodsport,tt0092675,Philip Chan Yan-Kin
Bloodsport,tt0092675,Ken Siu
Bloodsport,tt0092675,Paulo Tocha
Bloodsport,tt0092675,Pierre Rafini
Bloodsport,tt0092675,Kimo Lai Kwok Ki
Bloodsport,tt0092675,Bill Yuen Ping Kuen
Bloodsport,tt0092675,Shun-Yin Leung
Bloodsport,tt0092675,Joshua Schroder
Bloodsport,tt0092675,John Cheung Ng-Long
Bloodsport,tt0092675,Jahangir Ghaffari
Bloodsport,tt0092675,Johnny Cheung Wa
"No Retreat, No Surrender",tt0089695,Kurt McKinney
"No Retreat, No Surrender",tt0089695,Jean-Claude Van Damme
"No Retreat, No Surrender",tt0089695,J.W. Fails
"No Retreat, No Surrender",tt0089695,Kathie Sileno
"No Retreat, No Surrender",tt0089695,Kim Tae-Jeong
"No Retreat, No Surrender",tt0089695,Kent Lipham
"No Retreat, No Surrender",tt0089695,Ron Pohnel
"No Retreat, No Surrender",tt0089695,Dale Jacoby
"No Retreat, No Surrender",tt0089695,Peter Cunningham
"No Retreat, No Surrender",tt0089695,Timothy D. Baker
"No Retreat, No Surrender",tt0089695,Gloria Marziano
"No Retreat, No Surrender",tt0089695,"Michele ""Mouse"" Krasnoo"
Thunder,tt0086434,Bo Svenson
Thunder,tt0086434,Mark Gregory
Thunder,tt0086434,Raimund Harmstorf
Thunder,tt0086434,Valeria Ross
Thunder,tt0086434,Paolo Malco
Thunder,tt0086434,Bruno Corazzari
Thunder,tt0086434,Antonio Sabàto
Thunder,tt0086434,Michele Mirabella
Thunder,tt0086434,Giovanni Vettorazzo
Thunder,tt0086434,Slim Smith
Thunder,tt0086434,Nazzareno Zamperla
Thunder,tt0086434,Goffredo Unger
Thunder,tt0086434,Ennio Brizzolari
Thunder,tt0086434,Sergio Smacchi
Miami Connection,tt0092549,Y.K. Kim
Miami Connection,tt0092549,Vincent Hirsch
Miami Connection,tt0092549,Joseph Diamand
Miami Connection,tt0092549,Maurice Smith
Miami Connection,tt0092549,Angelo Janotti
Miami Connection,tt0092549,Kathy Collier
Miami Connection,tt0092549,William Eagle
Miami Connection,tt0092549,Si Y Jo
Miami Connection,tt0092549,William Whitacre
Miami Connection,tt0092549,Richard Park Wu-Sang
Robowar,tt0096000,Reb Brown
Robowar,tt0096000,Catherine Hickland
Robowar,tt0096000,Massimo Vanni
Robowar,tt0096000,Romano Puppo
Robowar,tt0096000,Claudio Fragasso
Robowar,tt0096000,Max Laurel
Robowar,tt0096000,Jim Gaines
Robowar,tt0096000,John P. Dulaney
Robowar,tt0096000,Mel Davidson
Robowar,tt0096000,Michael Welborn
Frankenhooker,tt0099611,James Lorinz
Frankenhooker,tt0099611,Patty Mullen
Frankenhooker,tt0099611,Joanne Ritchie
Frankenhooker,tt0099611,J.J. Clark
Frankenhooker,tt0099611,Helmar Augustus Cooper
Frankenhooker,tt0099611,Louise Lasser
Frankenhooker,tt0099611,Joseph Gonzalez
Frankenhooker,tt0099611,Charlotte J. Helmkamp
Frankenhooker,tt0099611,Kimberly Taylor
Frankenhooker,tt0099611,Shirley Stoler
Frankenhooker,tt0099611,Tom Hair
Frankenhooker,tt0099611,Beverly Bonner
Frankenhooker,tt0099611,Jennifer Delora
Frankenhooker,tt0099611,Lia Chang
Frankenhooker,tt0099611,Susan Napoli
Frankenhooker,tt0099611,Heather Hunter
Frankenhooker,tt0099611,Max Brandt
Frankenhooker,tt0099611,David Lipman
Frankenhooker,tt0099611,Vicki Darnell
Frankenhooker,tt0099611,Sandy Colosimo
Frankenhooker,tt0099611,Kathleen Gati
Frankenhooker,tt0099611,Judy Grafe
Frankenhooker,tt0099611,John Zacherle
Frankenhooker,tt0099611,C.K. Steefel
Frankenhooker,tt0099611,Shirl Bernheim
Frankenhooker,tt0099611,Ari M. Roussimoff
Frankenhooker,tt0099611,Gittan Goding
Frankenhooker,tt0099611,James Smythe
Frankenhooker,tt0099611,Gregory Gilbert
Frankenhooker,tt0099611,Avind Harum
Frankenhooker,tt0099611,Thomas Crognale
Frankenhooker,tt0099611,Kathleen Gati
Frankenhooker,tt0099611,Sonya Hensley
Frankenhooker,tt0099611,Dominic Marcus
Frankenhooker,tt0099611,Paul-Felix Montez
Frankenhooker,tt0099611,Alan Pratt
Frankenhooker,tt0099611,Jan Saint
Frankenhooker,tt0099611,Carrotte
Frankenhooker,tt0099611,Richard Casey
Frankenhooker,tt0099611,James Farley
Frankenhooker,tt0099611,Eren Ozker
Frankenhooker,tt0099611,Glenn J. Cohen
Frankenhooker,tt0099611,Sam Gordon
Frankenhooker,tt0099611,Frank Henenlotter
Frankenhooker,tt0099611,Anibal O. Lleras
Frankenhooker,tt0099611,Judy Young
Ninja Terminator,tt0199849,Richard Harrison
Ninja Terminator,tt0199849,Wong Cheng Li
Ninja Terminator,tt0199849,Jonathan Wattis
Ninja Terminator,tt0199849,Maria Francesca
Ninja Terminator,tt0199849,Phillip Ko
Ninja Terminator,tt0199849,Jack Lam
Ninja Terminator,tt0199849,Chiang Tao
Ninja Terminator,tt0199849,Yun Yang-Ha
Never Too Young to Die,tt0091621,John Stamos
Never Too Young to Die,tt0091621,Vanity
Never Too Young to Die,tt0091621,Gene Simmons
Never Too Young to Die,tt0091621,George Lazenby
Never Too Young to Die,tt0091621,Robert Englund
Never Too Young to Die,tt0091621,Peter Kwong
Never Too Young to Die,tt0091621,Ed Brock
Never Too Young to Die,tt0091621,John Anderson
Never Too Young to Die,tt0091621,Tara Buckman
Never Too Young to Die,tt0091621,Curtis Taylor
Never Too Young to Die,tt0091621,Jon Greene
Never Too Young to Die,tt0091621,Tim Colceri
Never Too Young to Die,tt0091621,John Miranda
Never Too Young to Die,tt0091621,Patrick Wright
Never Too Young to Die,tt0091621,Gary Kasper
Never Too Young to Die,tt0091621,Art Payton
Never Too Young to Die,tt0091621,Ivar Mireles
Never Too Young to Die,tt0091621,Randy Hall
Never Too Young to Die,tt0091621,Branscombe Richmond
Never Too Young to Die,tt0091621,Larry Leverett
Never Too Young to Die,tt0091621,Viva Sex
Dr. Caligari,tt0097228,Madeleine Reynal
Dr. Caligari,tt0097228,Fox Harris
Dr. Caligari,tt0097228,Laura Albert
Dr. Caligari,tt0097228,Jennifer Balgobin
Dr. Caligari,tt0097228,John Durbin
Dr. Caligari,tt0097228,Gene Zerna
Dr. Caligari,tt0097228,David Parry
Dr. Caligari,tt0097228,Jennifer Miro
Dr. Caligari,tt0097228,Stephen Quadros
Dr. Caligari,tt0097228,Debra De Liso
Dr. Caligari,tt0097228,Catherine Case
Dr. Caligari,tt0097228,Marjean Holden
Yeti: The Giant of the 20th Century,tt0076937,Antonella Interlenghi
Yeti: The Giant of the 20th Century,tt0076937,Mimmo Craig
Yeti: The Giant of the 20th Century,tt0076937,Jim Sullivan
Yeti: The Giant of the 20th Century,tt0076937,Tony Kendall
Yeti: The Giant of the 20th Century,tt0076937,Edoardo Faieta
Yeti: The Giant of the 20th Century,tt0076937,John Stacy
Yeti: The Giant of the 20th Century,tt0076937,Donald O'Brien
Yeti: The Giant of the 20th Century,tt0076937,Aldo Canti
Yeti: The Giant of the 20th Century,tt0076937,Francesco D'Adda
Yeti: The Giant of the 20th Century,tt0076937,Giuseppe Mattei
Yeti: The Giant of the 20th Century,tt0076937,Claudio Zucchet
Yeti: The Giant of the 20th Century,tt0076937,Stelio Candelli
Yeti: The Giant of the 20th Century,tt0076937,Loris Bazzocchi
Rambu,tt0311340,Peter O'Brian
Rambu,tt0311340,Craig Gavin
Rambu,tt0311340,Lia Waroka
Rambu,tt0311340,Dana Christina
Rambu,tt0311340,Kaharuddin Syah
Rambu,tt0311340,Harry Capri
Rambu,tt0311340,Yenny Farida
Rambu,tt0311340,Adrian Nugraha
Rambu,tt0311340,Adang Mansyur
Rambu,tt0311340,Kandar Sinyo
Rambu,tt0311340,Welan Gerung
Rambu,tt0311340,Avent Christie
Rambu,tt0311340,Johny Matakena
Rambu,tt0311340,Dadeng Herang
Rambu,tt0311340,Eddy Hansudi
Rambu,tt0311340,Hassan Dollar
Rambu,tt0311340,Bu Yadi
Lambada,tt0099969,John Edward Peck
Lambada,tt0099969,Melora Hardin
Lambada,tt0099969,Adolfo Quinones
Lambada,tt0099969,Leticia Vasquez
Lambada,tt0099969,Athayde Arcoverde
